Unnamed: 0,User,Card,Year,Month,Day,Time,Amount,Use Chip,Merchant Name,Merchant City,Merchant State,Zip,MCC,Errors?,Is Fraud?
0,0,0,2002,9,1,06:21,$134.09,Swipe Transaction,3527213246127876953,La Verne,CA,91750.0,5300,,No
1,0,0,2002,9,1,06:42,$38.48,Swipe Transaction,-727612092139916043,Monterey Park,CA,91754.0,5411,,No
2,0,0,2002,9,2,06:22,$120.34,Swipe Transaction,-727612092139916043,Monterey Park,CA,91754.0,5411,,No
3,0,0,2002,9,2,17:45,$128.95,Swipe Transaction,3414527459579106770,Monterey Park,CA,91754.0,5651,,No
4,0,0,2002,9,3,06:23,$104.71,Swipe Transaction,5817218446178736267,La Verne,CA,91750.0,5912,,No
5,0,0,2002,9,3,13:53,$86.19,Swipe Transaction,-7146670748125200898,Monterey Park,CA,91755.0,5970,,No
6,0,0,2002,9,4,05:51,$93.84,Swipe Transaction,-727612092139916043,Monterey Park,CA,91754.0,5411,,No
7,0,0,2002,9,4,06:09,$123.50,Swipe Transaction,-727612092139916043,Monterey Park,CA,91754.0,5411,,No
8,0,0,2002,9,5,06:14,$61.72,Swipe Transaction,-727612092139916043,Monterey Park,CA,91754.0,5411,,No
9,0,0,2002,9,5,09:35,$57.10,Swipe Transaction,4055257078481058705,La Verne,CA,91750.0,7538,,Yes
10,0,0,2002,9,5,20:18,$76.07,Swipe Transaction,-4500542936415012428,La Verne,CA,91750.0,5814,,Yes
11,0,0,2002,9,5,20:41,$53.91,Online Transaction,-9092677072201095172, ONLINE,,,4900,,No
12,0,0,2002,9,6,06:16,$110.37,Swipe Transaction,2027553650310142703,Mira Loma,CA,91752.0,5541,,No
13,0,0,2002,9,7,06:16,$117.05,Swipe Transaction,-727612092139916043,Monterey Park,CA,91754.0,5411,,No
14,0,0,2002,9,7,06:34,$45.30,Swipe Transaction,-5475680618560174533,Monterey Park,CA,91755.0,5942,,No
15,0,0,2002,9,7,09:39,$29.34,Swipe Transaction,4055257078481058705,La Verne,CA,91750.0,7538,,Yes
16,0,0,2002,9,8,06:10,$147.45,Swipe Transaction,-34551508091458520,La Verne,CA,91750.0,5912,,No
17,0,0,2002,9,8,06:38,$27.75,Swipe Transaction,4060646732831064559,La Verne,CA,91750.0,5411,,No
18,0,0,2002,9,8,13:48,$76.57,Swipe Transaction,-727612092139916043,Monterey Park,CA,91754.0,5411,,No
19,0,0,2002,9,8,22:01,$22.56,Swipe Transaction,-6733168469687845480,Mira Loma,CA,91752.0,7832,,No
20,0,0,2002,9,9,06:54,$37.50,Swipe Transaction,4060646732831064559,La Verne,CA,91750.0,5411,,No
21,0,0,2002,9,9,09:40,$65.50,Swipe Transaction,-3345936507911876459,La Verne,CA,91750.0,7538,"Technical Glitch,",No
22,0,0,2002,9,9,13:19,$56.42,Swipe Transaction,3189517333335617109,La Verne,CA,91750.0,5311,,No
23,0,0,2002,9,9,13:31,$2.71,Swipe Transaction,4060646732831064559,La Verne,CA,91750.0,5411,,No
24,0,0,2002,9,9,20:02,$144.90,Online Transaction,-8338381919281017248, ONLINE,,,4899,,Yes
25,0,0,2002,9,10,06:20,$160.00,Swipe Transaction,-4282466774399734331,Mira Loma,CA,91752.0,4829,,Yes
26,0,0,2002,9,10,06:22,$102.18,Swipe Transaction,3527213246127876953,La Verne,CA,91750.0,5300,,No
27,0,0,2002,9,10,06:31,$36.73,Swipe Transaction,-34551508091458520,La Verne,CA,91750.0,5912,,No
28,0,0,2002,9,10,21:39,$29.33,Swipe Transaction,-6733168469687845480,Mira Loma,CA,91752.0,7832,,No
29,0,0,2002,9,11,06:28,$162.39,Swipe Transaction,4060646732831064559,La Verne,CA,91750.0,5411,,No
30,0,0,2002,9,11,06:33,$34.40,Swipe Transaction,-34551508091458520,La Verne,CA,91750.0,5912,,No
31,0,0,2002,9,11,13:06,$62.06,Swipe Transaction,2027553650310142703,Mira Loma,CA,91752.0,5541,,No
32,0,0,2002,9,11,13:17,$-99.00,Swipe Transaction,2027553650310142703,Mira Loma,CA,91752.0,5541,,No
33,0,0,2002,9,11,13:23,$99.00,Swipe Transaction,2027553650310142703,Mira Loma,CA,91752.0,5541,,No
34,0,0,2002,9,11,19:30,$80.18,Swipe Transaction,-1605794445852049456,La Verne,CA,91750.0,5812,,No
35,0,0,2002,9,12,06:21,$122.10,Swipe Transaction,4060646732831064559,La Verne,CA,91750.0,5411,"Insufficient Balance,",No
36,0,0,2002,9,12,06:26,$92.76,Swipe Transaction,4060646732831064559,La Verne,CA,91750.0,5411,,No
37,0,0,2002,9,12,06:50,$52.52,Swipe Transaction,4060646732831064559,La Verne,CA,91750.0,5411,,No
38,0,0,2002,9,12,11:43,$1.13,Swipe Transaction,6666504894937430109,La Verne,CA,91750.0,5499,,Yes
39,0,0,2002,9,13,06:22,$126.79,Swipe Transaction,1913477460590765860,La Verne,CA,91750.0,5300,,No
40,0,0,2002,9,13,06:37,$44.41,Swipe Transaction,-34551508091458520,La Verne,CA,91750.0,5912,,No
41,0,0,2002,9,14,06:09,$164.37,Swipe Transaction,-34551508091458520,La Verne,CA,91750.0,5912,,No
42,0,0,2002,9,14,13:08,$12.76,Swipe Transaction,-4500542936415012428,La Verne,CA,91750.0,5814,,Yes
43,0,0,2002,9,15,05:34,$109.94,Swipe Transaction,5817218446178736267,La Verne,CA,91750.0,5912,,No
44,0,0,2002,9,15,06:18,$126.29,Swipe Transaction,-245178307025547046,La Verne,CA,91750.0,5311,,No
45,0,0,2002,9,15,06:55,$40.81,Swipe Transaction,4060646732831064559,La Verne,CA,91750.0,5411,,No
46,0,0,2002,9,15,13:54,$81.35,Swipe Transaction,-5904116920141006298,Diamond Bar,CA,91765.0,5719,,Yes
47,0,0,2002,9,16,06:00,$115.34,Swipe Transaction,3527213246127876953,La Verne,CA,91750.0,5300,,No
48,0,0,2002,9,16,06:45,$44.25,Swipe Transaction,4060646732831064559,La Verne,CA,91750.0,5411,,No
49,0,0,2002,9,17,06:09,$120.19,Swipe Transaction,-34551508091458520,La Verne,CA,91750.0,5912,"Insufficient Balance,",No
50,0,0,2002,9,17,06:24,$159.72,Swipe Transaction,-34551508091458520,La Verne,CA,91750.0,5912,,No
51,0,0,2002,9,18,06:19,$128.85,Swipe Transaction,3527213246127876953,La Verne,CA,91750.0,5300,,No
52,0,0,2002,9,18,20:01,$92.30,Swipe Transaction,-4500542936415012428,La Verne,CA,91750.0,5814,,Yes
53,0,0,2002,9,19,06:25,$168.11,Swipe Transaction,5817218446178736267,La Verne,CA,91750.0,5912,,No
54,0,0,2002,9,19,09:42,$53.09,Swipe Transaction,4055257078481058705,La Verne,CA,91750.0,7538,,Yes
55,0,0,2002,9,20,06:01,$104.77,Swipe Transaction,-245178307025547046,La Verne,CA,91750.0,5311,"Insufficient Balance,",No
56,0,0,2002,9,20,06:17,$119.69,Swipe Transaction,-245178307025547046,La Verne,CA,91750.0,5311,,No
57,0,0,2002,9,21,06:27,$145.50,Swipe Transaction,2027553650310142703,Mira Loma,CA,91752.0,5541,,No
58,0,0,2002,9,21,06:47,$48.34,Swipe Transaction,-5475680618560174533,Monterey Park,CA,91755.0,5942,,No
59,0,0,2002,9,21,14:23,$2.79,Swipe Transaction,-727612092139916043,Monterey Park,CA,91754.0,5411,,No
60,0,0,2002,9,22,06:50,$47.51,Swipe Transaction,4060646732831064559,La Verne,CA,91750.0,5411,,No
61,0,0,2002,9,22,09:29,$51.98,Swipe Transaction,4055257078481058705,La Verne,CA,91750.0,7538,,Yes
62,0,0,2002,9,22,09:37,$82.90,Swipe Transaction,3952145593743244256,La Verne,CA,91750.0,7538,,Yes
63,0,0,2002,9,22,20:16,$76.37,Swipe Transaction,-5023497618971072366,Mira Loma,CA,91752.0,5812,,No
64,0,0,2002,9,23,06:01,$134.89,Swipe Transaction,3527213246127876953,La Verne,CA,91750.0,5300,,No
65,0,0,2002,9,23,06:46,$35.28,Swipe Transaction,-34551508091458520,La Verne,CA,91750.0,5912,,No
66,0,0,2002,9,23,20:26,$80.65,Swipe Transaction,-4500542936415012428,La Verne,CA,91750.0,5814,,Yes
67,0,0,2002,9,24,06:07,$112.67,Swipe Transaction,3527213246127876953,La Verne,CA,91750.0,5300,,No
68,0,0,2002,9,25,06:19,$162.26,Swipe Transaction,5817218446178736267,La Verne,CA,91750.0,5912,,No
69,0,0,2002,9,25,06:36,$39.38,Swipe Transaction,-727612092139916043,Monterey Park,CA,91754.0,5411,,No
70,0,0,2002,9,25,13:01,$55.76,Swipe Transaction,-1288082279022882052,La Verne,CA,91750.0,5499,,Yes
71,0,0,2002,9,25,13:10,$100.00,Swipe Transaction,-1288082279022882052,La Verne,CA,91750.0,5499,,Yes
72,0,0,2002,9,25,13:14,$-100.00,Swipe Transaction,-1288082279022882052,La Verne,CA,91750.0,5499,,Yes
73,0,0,2002,9,26,06:25,$93.37,Swipe Transaction,3527213246127876953,La Verne,CA,91750.0,5300,,No
74,0,0,2002,9,27,06:21,$199.71,Swipe Transaction,-727612092139916043,Monterey Park,CA,91754.0,5411,,No
75,0,0,2002,9,27,08:01,$23.18,Swipe Transaction,4060646732831064559,La Verne,CA,91750.0,5411,,No
76,0,0,2002,9,27,09:42,$57.64,Swipe Transaction,4055257078481058705,La Verne,CA,91750.0,7538,,Yes
77,0,0,2002,9,28,05:36,$78.46,Swipe Transaction,4060646732831064559,La Verne,CA,91750.0,5411,,No
78,0,0,2002,9,28,06:23,$141.70,Swipe Transaction,5817218446178736267,La Verne,CA,91750.0,5912,,No
79,0,0,2002,9,28,09:32,$55.41,Swipe Transaction,4055257078481058705,La Verne,CA,91750.0,7538,,Yes
80,0,0,2002,9,28,13:13,$153.36,Swipe Transaction,7945328079774550558,La Verne,CA,91750.0,4900,,No
81,0,0,2002,9,29,06:06,$119.61,Swipe Transaction,5817218446178736267,La Verne,CA,91750.0,5912,"Insufficient Balance,",No
82,0,0,2002,9,29,06:22,$120.25,Swipe Transaction,5817218446178736267,La Verne,CA,91750.0,5912,"Insufficient Balance,",No
83,0,0,2002,9,29,06:33,$40.58,Swipe Transaction,5817218446178736267,La Verne,CA,91750.0,5912,,No
84,0,0,2002,9,29,20:15,$165.96,Swipe Transaction,838425044734233142,Mira Loma,CA,91752.0,4814,,Yes
85,0,0,2002,9,30,06:21,$127.32,Online Transaction,-7421093378627544099, ONLINE,,,5311,,No
86,0,0,2002,9,30,06:57,$38.13,Swipe Transaction,-34551508091458520,La Verne,CA,91750.0,5912,,No
87,0,0,2002,9,30,12:52,$11.30,Swipe Transaction,2027553650310142703,Mira Loma,CA,91752.0,5541,,No
88,0,0,2002,9,30,20:07,$80.05,Swipe Transaction,-4500542936415012428,La Verne,CA,91750.0,5814,,Yes
89,0,0,2002,10,1,06:15,$119.73,Swipe Transaction,5817218446178736267,La Verne,CA,91750.0,5912,,No
90,0,0,2002,10,1,06:56,$30.90,Swipe Transaction,-727612092139916043,Monterey Park,CA,91754.0,5411,,No
91,0,0,2002,10,1,11:34,$34.89,Swipe Transaction,3527213246127876953,La Verne,CA,91750.0,5300,,No
92,0,0,2002,10,2,06:17,$139.34,Swipe Transaction,2027553650310142703,Mira Loma,CA,91752.0,5541,,No
93,0,0,2002,10,3,05:59,$46.46,Swipe Transaction,4060646732831064559,La Verne,CA,91750.0,5411,,No
94,0,0,2002,10,3,06:12,$102.74,Swipe Transaction,-727612092139916043,Monterey Park,CA,91754.0,5411,,No
95,0,0,2002,10,3,06:50,$36.44,Swipe Transaction,-5475680618560174533,Monterey Park,CA,91755.0,5942,,No
96,0,0,2002,10,4,06:20,$114.87,Swipe Transaction,3527213246127876953,La Verne,CA,91750.0,5300,,No
97,0,0,2002,10,5,09:34,$53.13,Swipe Transaction,-3345936507911876459,La Verne,CA,91750.0,7538,,Yes
98,0,0,2002,10,5,10:38,$16.87,Swipe Transaction,9137769173591184401,La Verne,CA,91750.0,7210,,No
99,0,0,2002,10,6,06:14,$139.39,Online Transaction,-7421093378627544099, ONLINE,,,5311,,No
100,0,0,2002,10,7,06:24,$133.96,Swipe Transaction,4060646732831064559,La Verne,CA,91750.0,5411,,No
101,0,0,2002,10,8,06:24,$100.00,Swipe Transaction,-4282466774399734331,Mira Loma,CA,91752.0,4829,,Yes
102,0,0,2002,10,8,06:26,$154.70,Swipe Transaction,5817218446178736267,La Verne,CA,91750.0,5912,,No
103,0,0,2002,10,8,08:24,$27.22,Swipe Transaction,5445101915276107289,La Verne,CA,91750.0,5193,,No
104,0,0,2002,10,9,06:10,$118.25,Swipe Transaction,2027553650310142703,Mira Loma,CA,91752.0,5541,,No
105,0,0,2002,10,9,06:44,$31.01,Swipe Transaction,-5475680618560174533,Monterey Park,CA,91755.0,5942,,No
106,0,0,2002,10,9,08:16,$53.09,Online Transaction,-4956618006720593695, ONLINE,,,5193,,No
107,0,0,2002,10,10,06:24,$142.06,Swipe Transaction,-34551508091458520,La Verne,CA,91750.0,5912,,No
108,0,0,2002,10,11,05:52,$172.67,Swipe Transaction,5817218446178736267,La Verne,CA,91750.0,5912,,No
109,0,0,2002,10,11,06:08,$159.46,Swipe Transaction,4060646732831064559,La Verne,CA,91750.0,5411,,No
110,0,0,2002,10,11,06:57,$37.69,Swipe Transaction,-5475680618560174533,Monterey Park,CA,91755.0,5942,,No
111,0,0,2002,10,11,20:00,$87.47,Swipe Transaction,-4500542936415012428,La Verne,CA,91750.0,5814,,Yes
112,0,0,2002,10,12,06:29,$168.96,Swipe Transaction,4060646732831064559,La Verne,CA,91750.0,5411,,No
113,0,0,2002,10,13,06:21,$135.41,Swipe Transaction,3527213246127876953,La Verne,CA,91750.0,5300,,No
114,0,0,2002,10,13,06:33,$30.00,Swipe Transaction,5817218446178736267,La Verne,CA,91750.0,5912,,No
115,0,0,2002,10,13,13:00,$58.62,Swipe Transaction,-1288082279022882052,La Verne,CA,91750.0,5499,,Yes
116,0,0,2002,10,13,13:15,$-99.00,Swipe Transaction,-1288082279022882052,La Verne,CA,91750.0,5499,,Yes
117,0,0,2002,10,13,13:17,$99.00,Swipe Transaction,-1288082279022882052,La Verne,CA,91750.0,5499,,Yes
118,0,0,2002,10,14,06:12,$100.75,Swipe Transaction,5817218446178736267,La Verne,CA,91750.0,5912,,No
119,0,0,2002,10,14,06:12,$1049.82,Swipe Transaction,-2187837027406294082,San Diego,CA,92123.0,3058,,Yes
120,0,0,2002,10,14,18:58,$207.00,Swipe Transaction,7834055923142137930,Tilden,NE,68781.0,3395,,Yes
121,0,0,2002,10,15,06:03,$99.09,Swipe Transaction,6042526206085641250,Lincoln,NE,68521.0,5912,,No
122,0,0,2002,10,15,13:11,$-88.00,Swipe Transaction,-4334232547381218591,Lincoln,NE,68521.0,5541,,No
123,0,0,2002,10,15,13:17,$88.00,Swipe Transaction,-4334232547381218591,Lincoln,NE,68521.0,5541,,No
124,0,0,2002,10,15,13:21,$55.30,Swipe Transaction,-4334232547381218591,Lincoln,NE,68521.0,5541,,No
125,0,0,2002,10,15,16:49,$93.02,Swipe Transaction,-3348978172739825871,Lincoln,NE,68521.0,5651,,No
126,0,0,2002,10,16,11:47,$142.68,Swipe Transaction,7834055923142137930,Tilden,NE,68781.0,3395,,Yes
127,0,0,2002,10,16,11:54,$-207.00,Swipe Transaction,7834055923142137930,Tilden,NE,68781.0,3395,,Yes
128,0,0,2002,10,16,14:09,$3.65,Swipe Transaction,-727612092139916043,Monterey Park,CA,91754.0,5411,,No
129,0,0,2002,10,16,20:01,$521.24,Swipe Transaction,-811651038065591449,La Verne,CA,91750.0,6300,,No
130,0,0,2002,10,17,06:09,$114.05,Swipe Transaction,3527213246127876953,La Verne,CA,91750.0,5300,,No
131,0,0,2002,10,18,06:12,$91.10,Swipe Transaction,4060646732831064559,La Verne,CA,91750.0,5411,,No
132,0,0,2002,10,18,11:32,$1.84,Swipe Transaction,6666504894937430109,La Verne,CA,91750.0,5499,,Yes
133,0,0,2002,10,19,06:29,$130.22,Swipe Transaction,4060646732831064559,La Verne,CA,91750.0,5411,,No
134,0,0,2002,10,19,06:47,$24.02,Swipe Transaction,-34551508091458520,La Verne,CA,91750.0,5912,,No
135,0,0,2002,10,20,06:46,$41.02,Swipe Transaction,-34551508091458520,La Verne,CA,91750.0,5912,,No
136,0,0,2002,10,21,06:47,$43.69,Swipe Transaction,-34551508091458520,La Verne,CA,91750.0,5912,,No
137,0,0,2002,10,21,12:31,$49.08,Swipe Transaction,2027553650310142703,Mira Loma,CA,91752.0,5541,,No
138,0,0,2002,10,21,12:39,$-57.00,Swipe Transaction,2027553650310142703,Mira Loma,CA,91752.0,5541,,No
139,0,0,2002,10,21,12:52,$57.00,Swipe Transaction,2027553650310142703,Mira Loma,CA,91752.0,5541,,No
140,0,0,2002,10,22,06:07,$164.49,Swipe Transaction,1913477460590765860,La Verne,CA,91750.0,5300,,No
141,0,0,2002,10,23,06:00,$201.62,Swipe Transaction,1913477460590765860,La Verne,CA,91750.0,5300,,No
142,0,0,2002,10,23,09:32,$17.82,Swipe Transaction,-3345936507911876459,La Verne,CA,91750.0,7538,,Yes
143,0,0,2002,10,24,06:19,$118.96,Swipe Transaction,5817218446178736267,La Verne,CA,91750.0,5912,,No
144,0,0,2002,10,24,13:04,$66.00,Swipe Transaction,-1288082279022882052,La Verne,CA,91750.0,5499,,Yes
145,0,0,2002,10,24,13:23,$62.01,Swipe Transaction,-1288082279022882052,La Verne,CA,91750.0,5499,,Yes
146,0,0,2002,10,24,13:26,$-66.00,Swipe Transaction,-1288082279022882052,La Verne,CA,91750.0,5499,,Yes
147,0,0,2002,10,25,06:06,$39.12,Swipe Transaction,-727612092139916043,Monterey Park,CA,91754.0,5411,,No
148,0,0,2002,10,25,06:14,$148.58,Swipe Transaction,4060646732831064559,La Verne,CA,91750.0,5411,,No
149,0,0,2002,10,25,13:48,$35.82,Swipe Transaction,-5904116920141006298,Diamond Bar,CA,91765.0,5719,,Yes
150,0,0,2002,10,25,20:10,$73.35,Swipe Transaction,-4500542936415012428,La Verne,CA,91750.0,5814,,Yes
151,0,0,2002,10,26,06:05,$119.43,Swipe Transaction,5817218446178736267,La Verne,CA,91750.0,5912,,No
152,0,0,2002,10,26,06:55,$38.42,Swipe Transaction,-5475680618560174533,Monterey Park,CA,91755.0,5942,,No
153,0,0,2002,10,26,22:13,$216.47,Swipe Transaction,-8135850083113399757,La Verne,CA,91750.0,8043,,No
154,0,0,2002,10,27,06:04,$131.02,Swipe Transaction,2027553650310142703,Mira Loma,CA,91752.0,5541,,No
155,0,0,2002,10,27,06:40,$37.06,Swipe Transaction,-34551508091458520,La Verne,CA,91750.0,5912,,No
156,0,0,2002,10,28,06:17,$156.93,Swipe Transaction,-245178307025547046,La Verne,CA,91750.0,5311,,No
157,0,0,2002,10,28,11:41,$2.30,Swipe Transaction,6666504894937430109,La Verne,CA,91750.0,5499,,Yes
158,0,0,2002,10,29,13:20,$9.76,Swipe Transaction,2027553650310142703,Mira Loma,CA,91752.0,5541,,No
159,0,0,2002,10,29,21:44,$29.95,Swipe Transaction,-3265671264153192329,Monterey Park,CA,91754.0,7832,,No
160,0,0,2002,10,30,06:05,$77.85,Swipe Transaction,-727612092139916043,Monterey Park,CA,91754.0,5411,,No
161,0,0,2002,10,30,06:48,$35.92,Swipe Transaction,5817218446178736267,La Verne,CA,91750.0,5912,,No
162,0,0,2002,10,31,06:11,$135.60,Swipe Transaction,-245178307025547046,La Verne,CA,91750.0,5311,,No
163,0,0,2002,10,31,06:56,$37.63,Swipe Transaction,-5475680618560174533,Monterey Park,CA,91755.0,5942,,No
164,0,0,2002,10,31,13:08,$96.00,Swipe Transaction,2027553650310142703,Mira Loma,CA,91752.0,5541,,No
165,0,0,2002,10,31,13:09,$-96.00,Swipe Transaction,2027553650310142703,Mira Loma,CA,91752.0,5541,,No
166,0,0,2002,10,31,13:11,$61.08,Swipe Transaction,2027553650310142703,Mira Loma,CA,91752.0,5541,,No
167,0,0,2002,11,1,10:59,$24.67,Swipe Transaction,-86825621511712373,La Verne,CA,91750.0,7230,,No
168,0,0,2002,11,1,13:53,$46.10,Swipe Transaction,-5475680618560174533,Monterey Park,CA,91755.0,5942,,No
169,0,0,2002,11,1,19:16,$16.76,Swipe Transaction,2027553650310142703,Mira Loma,CA,91752.0,5541,,No
170,0,0,2002,11,1,20:25,$161.51,Swipe Transaction,838425044734233142,Mira Loma,CA,91752.0,4814,,Yes
171,0,0,2002,11,2,06:05,$132.90,Swipe Transaction,-245178307025547046,La Verne,CA,91750.0,5311,,No
172,0,0,2002,11,2,06:15,$30.50,Swipe Transaction,-727612092139916043,Monterey Park,CA,91754.0,5411,,No
173,0,0,2002,11,2,19:59,$12.09,Swipe Transaction,3527213246127876953,La Verne,CA,91750.0,5300,,No
174,0,0,2002,11,3,05:36,$150.08,Swipe Transaction,3527213246127876953,La Verne,CA,91750.0,5300,,No
175,0,0,2002,11,3,06:05,$180.58,Swipe Transaction,5817218446178736267,La Verne,CA,91750.0,5912,,No
176,0,0,2002,11,4,06:03,$55.61,Swipe Transaction,3527213246127876953,La Verne,CA,91750.0,5300,,No
177,0,0,2002,11,4,13:20,$75.72,Swipe Transaction,-245178307025547046,La Verne,CA,91750.0,5311,,No
178,0,0,2002,11,4,20:00,$77.41,Swipe Transaction,-4500542936415012428,La Verne,CA,91750.0,5814,,Yes
179,0,0,2002,11,5,05:41,$148.01,Swipe Transaction,-727612092139916043,Monterey Park,CA,91754.0,5411,,No
180,0,0,2002,11,5,06:28,$106.72,Swipe Transaction,2027553650310142703,Mira Loma,CA,91752.0,5541,,No
181,0,0,2002,11,5,16:43,$28.39,Online Transaction,4241336128694185533, ONLINE,,,4814,,Yes
182,0,0,2002,11,7,06:08,$140.86,Swipe Transaction,-727612092139916043,Monterey Park,CA,91754.0,5411,,No
183,0,0,2002,11,7,06:50,$116.86,Swipe Transaction,1913477460590765860,La Verne,CA,91750.0,5300,,No
184,0,0,2002,11,8,06:18,$122.64,Swipe Transaction,-245178307025547046,La Verne,CA,91750.0,5311,,No
185,0,0,2002,11,8,06:35,$42.01,Swipe Transaction,-34551508091458520,La Verne,CA,91750.0,5912,,No
186,0,0,2002,11,9,06:19,$167.00,Swipe Transaction,-34551508091458520,La Verne,CA,91750.0,5912,,No
187,0,0,2002,11,9,09:44,$168.53,Swipe Transaction,7945328079774550558,La Verne,CA,91750.0,4900,,No
188,0,0,2002,11,9,21:09,$85.91,Swipe Transaction,-5023497618971072366,Mira Loma,CA,91752.0,5812,,No
189,0,0,2002,11,10,06:23,$152.14,Swipe Transaction,2027553650310142703,Mira Loma,CA,91752.0,5541,,No
190,0,0,2002,11,10,06:32,$40.78,Swipe Transaction,-727612092139916043,Monterey Park,CA,91754.0,5411,,No
191,0,0,2002,11,10,09:45,$107.50,Swipe Transaction,7945328079774550558,La Verne,CA,91750.0,4900,,No
192,0,0,2002,11,10,12:39,$59.52,Swipe Transaction,-1288082279022882052,La Verne,CA,91750.0,5499,,Yes
193,0,0,2002,11,10,12:50,$-91.00,Swipe Transaction,-1288082279022882052,La Verne,CA,91750.0,5499,,Yes
194,0,0,2002,11,10,12:57,$91.00,Swipe Transaction,-1288082279022882052,La Verne,CA,91750.0,5499,,Yes
195,0,0,2002,11,10,13:09,$-98.00,Swipe Transaction,-1288082279022882052,La Verne,CA,91750.0,5499,,Yes
196,0,0,2002,11,10,13:12,$98.00,Swipe Transaction,-1288082279022882052,La Verne,CA,91750.0,5499,,Yes
197,0,0,2002,11,10,13:20,$52.40,Swipe Transaction,-1288082279022882052,La Verne,CA,91750.0,5499,,Yes
198,0,0,2002,11,11,06:10,$130.48,Swipe Transaction,4060646732831064559,La Verne,CA,91750.0,5411,,No
199,0,0,2002,11,11,07:16,$126.32,Swipe Transaction,-245178307025547046,La Verne,CA,91750.0,5311,,No
200,0,0,2002,11,13,20:06,$63.90,Swipe Transaction,-1605794445852049456,La Verne,CA,91750.0,5812,,No
201,0,0,2002,11,14,05:29,$151.49,Swipe Transaction,-34551508091458520,La Verne,CA,91750.0,5912,,No
202,0,0,2002,11,14,06:25,$113.32,Swipe Transaction,4060646732831064559,La Verne,CA,91750.0,5411,,No
203,0,0,2002,11,15,07:36,$39.18,Swipe Transaction,-5475680618560174533,Monterey Park,CA,91755.0,5942,,No
204,0,0,2002,11,15,09:37,$66.98,Swipe Transaction,-3345936507911876459,La Verne,CA,91750.0,7538,,Yes
205,0,0,2002,11,15,14:05,$58.03,Swipe Transaction,6661973303171003879,Ontario,CA,91761.0,5211,,No
206,0,0,2002,11,15,22:06,$186.41,Swipe Transaction,3527213246127876953,La Verne,CA,91750.0,5300,,No
207,0,0,2002,11,16,06:28,$133.55,Swipe Transaction,-245178307025547046,La Verne,CA,91750.0,5311,,No
208,0,0,2002,11,16,09:59,$59.74,Swipe Transaction,4055257078481058705,La Verne,CA,91750.0,7538,,Yes
209,0,0,2002,11,17,06:14,$157.96,Swipe Transaction,5817218446178736267,La Verne,CA,91750.0,5912,,No
210,0,0,2002,11,17,20:33,$95.40,Swipe Transaction,-4500542936415012428,La Verne,CA,91750.0,5814,,Yes
211,0,0,2002,11,18,06:24,$99.92,Swipe Transaction,5817218446178736267,La Verne,CA,91750.0,5912,,No
212,0,0,2002,11,18,07:03,$127.33,Swipe Transaction,2027553650310142703,Mira Loma,CA,91752.0,5541,,No
213,0,0,2002,11,19,05:58,$134.57,Swipe Transaction,3527213246127876953,La Verne,CA,91750.0,5300,,No
214,0,0,2002,11,19,13:35,$52.94,Swipe Transaction,8080934608468946743,Monterey Park,CA,91754.0,5310,,No
215,0,0,2002,11,19,19:42,$95.76,Swipe Transaction,-1605794445852049456,La Verne,CA,91750.0,5812,,No
216,0,0,2002,11,20,06:27,$83.17,Swipe Transaction,-245178307025547046,La Verne,CA,91750.0,5311,,No
217,0,0,2002,11,20,07:48,$54.26,Swipe Transaction,5817218446178736267,La Verne,CA,91750.0,5912,,No
218,0,0,2002,11,20,09:42,$61.02,Swipe Transaction,3952145593743244256,La Verne,CA,91750.0,7538,,Yes
219,0,0,2002,11,22,06:07,$131.45,Swipe Transaction,4060646732831064559,La Verne,CA,91750.0,5411,,No
220,0,0,2002,11,22,06:41,$115.91,Swipe Transaction,-245178307025547046,La Verne,CA,91750.0,5311,,No
221,0,0,2002,11,22,09:31,$65.92,Swipe Transaction,3952145593743244256,La Verne,CA,91750.0,7538,,Yes
222,0,0,2002,11,23,06:11,$38.99,Swipe Transaction,5817218446178736267,La Verne,CA,91750.0,5912,,No
223,0,0,2002,11,23,06:16,$129.07,Swipe Transaction,-727612092139916043,Monterey Park,CA,91754.0,5411,,No
224,0,0,2002,11,23,06:47,$37.23,Swipe Transaction,-34551508091458520,La Verne,CA,91750.0,5912,,No
225,0,0,2002,11,23,11:18,$228.92,Swipe Transaction,3129259766334579731,La Verne,CA,91750.0,8011,,No
226,0,0,2002,11,24,05:50,$141.77,Swipe Transaction,-34551508091458520,La Verne,CA,91750.0,5912,,No
227,0,0,2002,11,24,20:56,$51.96,Swipe Transaction,-4500542936415012428,La Verne,CA,91750.0,5814,,Yes
228,0,0,2002,11,25,06:12,$143.06,Swipe Transaction,2027553650310142703,Mira Loma,CA,91752.0,5541,,No
229,0,0,2002,11,25,06:43,$50.68,Swipe Transaction,-5475680618560174533,Monterey Park,CA,91755.0,5942,,No
230,0,0,2002,11,25,13:04,$-99.00,Swipe Transaction,-1288082279022882052,La Verne,CA,91750.0,5499,,Yes
231,0,0,2002,11,25,13:27,$69.31,Swipe Transaction,-1288082279022882052,La Verne,CA,91750.0,5499,,Yes
232,0,0,2002,11,25,13:29,$99.00,Swipe Transaction,-1288082279022882052,La Verne,CA,91750.0,5499,,Yes
233,0,0,2002,11,25,16:52,$99.36,Swipe Transaction,-5904116920141006298,Diamond Bar,CA,91765.0,5719,,Yes
234,0,0,2002,11,26,06:28,$126.81,Swipe Transaction,1913477460590765860,La Verne,CA,91750.0,5300,,No
235,0,0,2002,11,26,11:21,$379.73,Swipe Transaction,6515854639642454768,Calexico,CA,92231.0,3066,,Yes
236,0,0,2002,11,27,05:32,$148.42,Swipe Transaction,-245178307025547046,La Verne,CA,91750.0,5311,,No
237,0,0,2002,11,27,06:22,$138.59,Swipe Transaction,5817218446178736267,La Verne,CA,91750.0,5912,,No
238,0,0,2002,11,27,20:07,$107.15,Swipe Transaction,-1605794445852049456,La Verne,CA,91750.0,5812,,No
239,0,0,2002,11,28,06:14,$81.43,Swipe Transaction,-245178307025547046,La Verne,CA,91750.0,5311,,No
240,0,0,2002,11,28,06:53,$35.60,Swipe Transaction,-727612092139916043,Monterey Park,CA,91754.0,5411,,No
241,0,0,2002,11,29,06:14,$173.03,Swipe Transaction,5817218446178736267,La Verne,CA,91750.0,5912,,No
242,0,0,2002,11,29,06:41,$38.76,Swipe Transaction,-727612092139916043,Monterey Park,CA,91754.0,5411,,No
243,0,0,2002,11,30,06:32,$24.55,Swipe Transaction,5817218446178736267,La Verne,CA,91750.0,5912,,No
244,0,0,2002,11,30,16:46,$104.81,Swipe Transaction,3527213246127876953,La Verne,CA,91750.0,5300,,No
245,0,0,2002,12,1,05:35,$75.86,Swipe Transaction,-727612092139916043,Monterey Park,CA,91754.0,5411,,No
246,0,0,2002,12,1,06:22,$128.63,Swipe Transaction,-245178307025547046,La Verne,CA,91750.0,5311,,No
247,0,0,2002,12,2,06:13,$147.54,Swipe Transaction,-727612092139916043,Monterey Park,CA,91754.0,5411,,No
248,0,0,2002,12,2,12:34,$-50.00,Swipe Transaction,-1288082279022882052,La Verne,CA,91750.0,5499,,Yes
249,0,0,2002,12,2,12:35,$66.41,Swipe Transaction,-1288082279022882052,La Verne,CA,91750.0,5499,,Yes
250,0,0,2002,12,2,12:54,$50.00,Swipe Transaction,-1288082279022882052,La Verne,CA,91750.0,5499,,Yes
251,0,0,2002,12,2,19:08,$71.03,Swipe Transaction,-4733023138943446282,Chicago,IL,60643.0,5812,,No
252,0,0,2002,12,2,20:19,$78.32,Swipe Transaction,-2744911404133435018,Chicago,IL,60645.0,5812,,No
253,0,0,2002,12,2,23:22,$127.00,Swipe Transaction,-6406662083475903219,Chicago,IL,60643.0,3390,,No
254,0,0,2002,12,2,23:48,$211.00,Swipe Transaction,-7807051024009846392,Peoria,IL,61604.0,3684,,Yes
255,0,0,2002,12,3,06:32,$18.45,Swipe Transaction,-2565173608660320061,Chicago,IL,60643.0,5912,,No
256,0,0,2002,12,3,20:14,$79.78,Swipe Transaction,-4733023138943446282,Chicago,IL,60643.0,5812,,No
257,0,0,2002,12,4,20:08,$89.39,Swipe Transaction,-4733023138943446282,Chicago,IL,60643.0,5812,,No
258,0,0,2002,12,5,13:17,$9.92,Swipe Transaction,-727612092139916043,Chicago,IL,60643.0,5411,,No
259,0,0,2002,12,6,20:08,$79.83,Swipe Transaction,-2744911404133435018,Chicago,IL,60645.0,5812,,No
260,0,0,2002,12,7,03:47,$149.45,Swipe Transaction,-7807051024009846392,Peoria,IL,61604.0,3684,,Yes
261,0,0,2002,12,7,03:52,$-211.00,Swipe Transaction,-7807051024009846392,Peoria,IL,61604.0,3684,,Yes
262,0,0,2002,12,7,05:21,$173.38,Swipe Transaction,-6406662083475903219,Chicago,IL,60643.0,3390,,No
263,0,0,2002,12,7,05:23,$-127.00,Swipe Transaction,-6406662083475903219,Chicago,IL,60643.0,3390,,No
264,0,0,2002,12,7,06:48,$38.41,Swipe Transaction,4060646732831064559,La Verne,CA,91750.0,5411,,No
265,0,0,2002,12,7,20:21,$78.97,Swipe Transaction,-5023497618971072366,Mira Loma,CA,91752.0,5812,,No
266,0,0,2002,12,8,06:22,$113.94,Swipe Transaction,3527213246127876953,La Verne,CA,91750.0,5300,,No
267,0,0,2002,12,8,06:44,$47.40,Swipe Transaction,-34551508091458520,La Verne,CA,91750.0,5912,,No
268,0,0,2002,12,8,20:07,$210.96,Online Transaction,6654290286221782850, ONLINE,,,4899,,Yes
269,0,0,2002,12,8,20:26,$73.37,Swipe Transaction,-4500542936415012428,La Verne,CA,91750.0,5814,,Yes
270,0,0,2002,12,9,06:08,$134.26,Swipe Transaction,5817218446178736267,La Verne,CA,91750.0,5912,,No
271,0,0,2002,12,10,05:14,$128.82,Swipe Transaction,3527213246127876953,La Verne,CA,91750.0,5300,,No
272,0,0,2002,12,10,06:10,$128.41,Online Transaction,-7421093378627544099, ONLINE,,,5311,,No
273,0,0,2002,12,10,06:47,$51.23,Swipe Transaction,-34551508091458520,La Verne,CA,91750.0,5912,,No
274,0,0,2002,12,11,06:01,$141.19,Swipe Transaction,3527213246127876953,La Verne,CA,91750.0,5300,,No
275,0,0,2002,12,11,20:14,$177.75,Swipe Transaction,838425044734233142,Mira Loma,CA,91752.0,4814,,Yes
276,0,0,2002,12,11,20:47,$58.42,Online Transaction,-9092677072201095172, ONLINE,,,4900,,No
277,0,0,2002,12,12,06:11,$138.47,Swipe Transaction,-727612092139916043,Monterey Park,CA,91754.0,5411,,No
278,0,0,2002,12,12,06:49,$108.90,Swipe Transaction,5817218446178736267,La Verne,CA,91750.0,5912,,No
279,0,0,2002,12,12,13:10,$84.72,Swipe Transaction,7945328079774550558,La Verne,CA,91750.0,4900,,No
280,0,0,2002,12,13,06:23,$141.32,Swipe Transaction,-245178307025547046,La Verne,CA,91750.0,5311,,No
281,0,0,2002,12,13,06:42,$30.80,Swipe Transaction,-34551508091458520,La Verne,CA,91750.0,5912,,No
282,0,0,2002,12,13,20:44,$55.25,Swipe Transaction,-4500542936415012428,La Verne,CA,91750.0,5814,,Yes
283,0,0,2002,12,14,06:00,$145.90,Swipe Transaction,-727612092139916043,Monterey Park,CA,91754.0,5411,,No
284,0,0,2002,12,15,06:07,$75.31,Swipe Transaction,2027553650310142703,Mira Loma,CA,91752.0,5541,,No
285,0,0,2002,12,15,06:44,$50.20,Swipe Transaction,-727612092139916043,Monterey Park,CA,91754.0,5411,,No
286,0,0,2002,12,15,09:36,$58.10,Swipe Transaction,7945328079774550558,La Verne,CA,91750.0,4900,,No
287,0,0,2002,12,16,06:08,$121.81,Online Transaction,-7421093378627544099, ONLINE,,,5311,"Insufficient Balance,",No
288,0,0,2002,12,16,06:21,$97.31,Online Transaction,-7421093378627544099, ONLINE,,,5311,,No
289,0,0,2002,12,18,06:28,$129.63,Swipe Transaction,2027553650310142703,Mira Loma,CA,91752.0,5541,,No
290,0,0,2002,12,19,06:03,$119.46,Swipe Transaction,5817218446178736267,La Verne,CA,91750.0,5912,,No
291,0,0,2002,12,19,06:35,$47.73,Swipe Transaction,-5475680618560174533,Monterey Park,CA,91755.0,5942,,No
292,0,0,2002,12,19,16:48,$33.86,Swipe Transaction,838425044734233142,Mira Loma,CA,91752.0,4814,,Yes
293,0,0,2002,12,20,05:50,$123.12,Swipe Transaction,2027553650310142703,Mira Loma,CA,91752.0,5541,,No
294,0,0,2002,12,20,06:07,$91.97,Swipe Transaction,2027553650310142703,Mira Loma,CA,91752.0,5541,,No
295,0,0,2002,12,21,06:36,$40.06,Swipe Transaction,-727612092139916043,Monterey Park,CA,91754.0,5411,,No
296,0,0,2002,12,21,20:22,$70.17,Swipe Transaction,-4500542936415012428,La Verne,CA,91750.0,5814,,Yes
297,0,0,2002,12,22,06:49,$53.74,Swipe Transaction,-727612092139916043,Monterey Park,CA,91754.0,5411,,No
298,0,0,2002,12,23,05:17,$105.41,Swipe Transaction,-727612092139916043,Monterey Park,CA,91754.0,5411,,No
299,0,0,2002,12,23,06:23,$117.15,Swipe Transaction,3527213246127876953,La Verne,CA,91750.0,5300,,No
300,0,0,2002,12,23,06:56,$35.28,Swipe Transaction,-5475680618560174533,Monterey Park,CA,91755.0,5942,,No
301,0,0,2002,12,23,09:42,$44.92,Swipe Transaction,-8408860211649002936,Jefferson City,MO,65101.0,7538,,Yes
302,0,0,2002,12,23,10:14,$255.00,Swipe Transaction,-8566951830324093739,Waynesville,MO,65583.0,3640,,No
303,0,0,2002,12,23,14:01,$3.62,Swipe Transaction,-6343149209980797253,Jefferson City,MO,65101.0,5921,,No
304,0,0,2002,12,23,20:00,$94.02,Swipe Transaction,4581048999108455719,Jefferson City,MO,65101.0,5812,,No
305,0,0,2002,12,24,09:50,$55.44,Swipe Transaction,-8408860211649002936,Jefferson City,MO,65101.0,7538,,Yes
306,0,0,2002,12,24,17:46,$9.92,Online Transaction,6455213054093379528, ONLINE,,,5815,,Yes
307,0,0,2002,12,24,20:29,$76.75,Swipe Transaction,4581048999108455719,Jefferson City,MO,65101.0,5812,,No
308,0,0,2002,12,24,20:53,$71.64,Swipe Transaction,4751695835751691036,Jefferson City,MO,65101.0,5814,,Yes
309,0,0,2002,12,24,21:30,$25.01,Swipe Transaction,1161578400968813655,Jefferson City,MO,65101.0,5813,,No
310,0,0,2002,12,25,06:29,$139.80,Swipe Transaction,97032797689821735,Jefferson City,MO,65109.0,5411,,No
311,0,0,2002,12,25,20:12,$81.36,Swipe Transaction,4581048999108455719,Jefferson City,MO,65101.0,5812,,No
312,0,0,2002,12,25,22:16,$-255.00,Swipe Transaction,-8566951830324093739,Waynesville,MO,65583.0,3640,,No
313,0,0,2002,12,25,22:18,$147.41,Swipe Transaction,-8566951830324093739,Waynesville,MO,65583.0,3640,,No
314,0,0,2002,12,26,06:05,$114.15,Swipe Transaction,-727612092139916043,Monterey Park,CA,91754.0,5411,,No
315,0,0,2002,12,26,06:57,$38.00,Swipe Transaction,-727612092139916043,Monterey Park,CA,91754.0,5411,,No
316,0,0,2002,12,26,09:58,$57.25,Swipe Transaction,3952145593743244256,La Verne,CA,91750.0,7538,,Yes
317,0,0,2002,12,27,06:00,$123.99,Swipe Transaction,5817218446178736267,La Verne,CA,91750.0,5912,,No
318,0,0,2002,12,27,06:52,$37.29,Swipe Transaction,-5475680618560174533,Monterey Park,CA,91755.0,5942,,No
319,0,0,2002,12,28,06:15,$185.16,Swipe Transaction,5817218446178736267,La Verne,CA,91750.0,5912,,No
320,0,0,2002,12,28,06:44,$46.30,Swipe Transaction,-5475680618560174533,Monterey Park,CA,91755.0,5942,,No
321,0,0,2002,12,28,13:47,$65.61,Swipe Transaction,-5904116920141006298,Diamond Bar,CA,91765.0,5719,,Yes
322,0,0,2002,12,28,14:21,$6.06,Swipe Transaction,2027553650310142703,Mira Loma,CA,91752.0,5541,,No
323,0,0,2002,12,28,19:01,$9.88,Swipe Transaction,1913477460590765860,La Verne,CA,91750.0,5300,,No
324,0,0,2002,12,29,06:27,$160.17,Swipe Transaction,-245178307025547046,La Verne,CA,91750.0,5311,,No
325,0,0,2002,12,30,06:48,$41.18,Swipe Transaction,5817218446178736267,La Verne,CA,91750.0,5912,,No
326,0,0,2002,12,30,11:00,$6.19,Swipe Transaction,9137769173591184401,La Verne,CA,91750.0,7210,,No
327,0,0,2002,12,30,15:51,$73.25,Swipe Transaction,1913477460590765860,La Verne,CA,91750.0,5300,,No
328,0,0,2002,12,31,08:22,$42.33,Swipe Transaction,5445101915276107289,La Verne,CA,91750.0,5193,,No
329,0,0,2003,1,2,06:20,$45.35,Swipe Transaction,5817218446178736267,La Verne,CA,91750.0,5912,,No
330,0,0,2003,1,2,06:27,$187.21,Swipe Transaction,3527213246127876953,La Verne,CA,91750.0,5300,,No
331,0,0,2003,1,2,13:41,$5.63,Swipe Transaction,5817218446178736267,La Verne,CA,91750.0,5912,,No
332,0,0,2003,1,3,05:32,$123.66,Swipe Transaction,-727612092139916043,Monterey Park,CA,91754.0,5411,,No
333,0,0,2003,1,4,06:46,$109.73,Swipe Transaction,-727612092139916043,Monterey Park,CA,91754.0,5411,,No
334,0,0,2003,1,4,09:32,$65.50,Swipe Transaction,7945328079774550558,La Verne,CA,91750.0,4900,,No
335,0,0,2003,1,5,21:42,$29.55,Swipe Transaction,-5413376491460213491,La Verne,CA,91750.0,5813,,No
336,0,0,2003,1,6,06:18,$126.17,Swipe Transaction,2027553650310142703,Mira Loma,CA,91752.0,5541,,No
337,0,0,2003,1,6,06:27,$100.00,Swipe Transaction,-4282466774399734331,Mira Loma,CA,91752.0,4829,,Yes
338,0,0,2003,1,6,06:59,$43.99,Swipe Transaction,5817218446178736267,La Verne,CA,91750.0,5912,,No
339,0,0,2003,1,7,06:05,$157.23,Swipe Transaction,3527213246127876953,La Verne,CA,91750.0,5300,,No
340,0,0,2003,1,7,06:11,$46.57,Swipe Transaction,-5475680618560174533,Monterey Park,CA,91755.0,5942,,No
341,0,0,2003,1,7,06:52,$50.18,Swipe Transaction,-5475680618560174533,Monterey Park,CA,91755.0,5942,,No
342,0,0,2003,1,8,06:46,$116.30,Swipe Transaction,1913477460590765860,La Verne,CA,91750.0,5300,,No
343,0,0,2003,1,8,09:28,$73.33,Swipe Transaction,-3345936507911876459,La Verne,CA,91750.0,7538,,Yes
344,0,0,2003,1,9,06:01,$132.82,Swipe Transaction,2027553650310142703,Mira Loma,CA,91752.0,5541,,No
345,0,0,2003,1,9,13:11,$84.00,Swipe Transaction,2027553650310142703,Mira Loma,CA,91752.0,5541,,No
346,0,0,2003,1,9,13:18,$-84.00,Swipe Transaction,2027553650310142703,Mira Loma,CA,91752.0,5541,,No
347,0,0,2003,1,9,13:26,$67.52,Swipe Transaction,2027553650310142703,Mira Loma,CA,91752.0,5541,,No
348,0,0,2003,1,10,07:21,$36.70,Swipe Transaction,5817218446178736267,La Verne,CA,91750.0,5912,,No
349,0,0,2003,1,10,17:48,$6.51,Online Transaction,-2042049018365856408, ONLINE,,,5815,,Yes
350,0,0,2003,1,12,06:44,$36.66,Swipe Transaction,4060646732831064559,La Verne,CA,91750.0,5411,,No
351,0,0,2003,1,12,06:48,$93.42,Swipe Transaction,-34551508091458520,La Verne,CA,91750.0,5912,,No
352,0,0,2003,1,12,20:12,$55.69,Swipe Transaction,838425044734233142,Mira Loma,CA,91752.0,4814,,Yes
353,0,0,2003,1,13,09:49,$59.38,Swipe Transaction,3952145593743244256,La Verne,CA,91750.0,7538,,Yes
354,0,0,2003,1,15,16:59,$76.67,Swipe Transaction,-5904116920141006298,Diamond Bar,CA,91765.0,5719,,Yes
355,0,0,2003,1,16,00:28,$36.53,Swipe Transaction,4060646732831064559,La Verne,CA,91750.0,5411,,No
356,0,0,2003,1,19,06:03,$137.22,Swipe Transaction,3527213246127876953,La Verne,CA,91750.0,5300,,No
357,0,0,2003,1,19,21:09,$97.24,Swipe Transaction,-4500542936415012428,La Verne,CA,91750.0,5814,,Yes
358,0,0,2003,1,20,07:14,$150.31,Swipe Transaction,4060646732831064559,La Verne,CA,91750.0,5411,,No
359,0,0,2003,1,20,12:51,$10.59,Swipe Transaction,4060646732831064559,La Verne,CA,91750.0,5411,,No
360,0,0,2003,1,21,06:31,$39.21,Swipe Transaction,-5475680618560174533,Monterey Park,CA,91755.0,5942,,No
361,0,0,2003,1,22,06:09,$109.59,Swipe Transaction,4060646732831064559,La Verne,CA,91750.0,5411,,No
362,0,0,2003,1,23,06:08,$134.05,Swipe Transaction,2027553650310142703,Mira Loma,CA,91752.0,5541,,No
363,0,0,2003,1,23,08:03,$46.80,Swipe Transaction,4060646732831064559,La Verne,CA,91750.0,5411,,No
364,0,0,2003,1,24,10:44,$1.39,Swipe Transaction,-7232193519160172381,La Verne,CA,91750.0,7542,,No
365,0,0,2003,1,24,12:00,$227.90,Online Transaction,8099188931555596779, ONLINE,,,7996,,Yes
366,0,0,2003,1,24,19:39,$432.22,Swipe Transaction,-811651038065591449,La Verne,CA,91750.0,6300,,No
367,0,0,2003,1,24,20:22,$68.50,Swipe Transaction,-5023497618971072366,Mira Loma,CA,91752.0,5812,,No
368,0,0,2003,1,25,06:22,$151.82,Swipe Transaction,3527213246127876953,La Verne,CA,91750.0,5300,,No
369,0,0,2003,1,25,06:36,$20.09,Swipe Transaction,4060646732831064559,La Verne,CA,91750.0,5411,,No
370,0,0,2003,1,26,06:33,$37.74,Swipe Transaction,-34551508091458520,La Verne,CA,91750.0,5912,,No
371,0,0,2003,1,27,06:10,$124.63,Swipe Transaction,2027553650310142703,Mira Loma,CA,91752.0,5541,,No
372,0,0,2003,1,27,06:16,$32.77,Swipe Transaction,-727612092139916043,Monterey Park,CA,91754.0,5411,,No
373,0,0,2003,1,29,06:01,$134.32,Swipe Transaction,4060646732831064559,La Verne,CA,91750.0,5411,,No
374,0,0,2003,1,29,06:33,$153.96,Swipe Transaction,2027553650310142703,Mira Loma,CA,91752.0,5541,,No
375,0,0,2003,1,29,21:41,$32.23,Swipe Transaction,-3265671264153192329,Monterey Park,CA,91754.0,7832,,No
376,0,0,2003,1,30,13:13,$3.52,Swipe Transaction,2027553650310142703,Mira Loma,CA,91752.0,5541,,No
377,0,0,2003,1,30,21:30,$29.35,Swipe Transaction,-6733168469687845480,Mira Loma,CA,91752.0,7832,"Technical Glitch,",No
378,0,0,2003,1,31,06:24,$115.48,Swipe Transaction,3527213246127876953,La Verne,CA,91750.0,5300,,No
379,0,0,2003,2,2,06:38,$18.71,Swipe Transaction,5817218446178736267,La Verne,CA,91750.0,5912,,No
380,0,0,2003,2,2,19:49,$76.47,Swipe Transaction,4751695835751691036,Bell Gardens,CA,90201.0,5814,,Yes
381,0,0,2003,2,2,20:05,$54.91,Swipe Transaction,3699106470332963671,Playa Vista,CA,90094.0,5812,,No
382,0,0,2003,2,4,06:50,$53.13,Swipe Transaction,4722913068560264812,Playa Vista,CA,90094.0,5411,,No
383,0,0,2003,2,4,07:16,$34.42,Swipe Transaction,-5475680618560174533,Manhattan Beach,CA,90266.0,5942,,No
384,0,0,2003,2,6,06:55,$44.78,Swipe Transaction,-5475680618560174533,Manhattan Beach,CA,90266.0,5942,,No
385,0,0,2003,2,6,13:29,$10.11,Swipe Transaction,7069584154815291371,Bell Gardens,CA,90201.0,5812,,No
386,0,0,2003,2,7,06:45,$25.27,Swipe Transaction,-34551508091458520,La Verne,CA,91750.0,5912,,No
387,0,0,2003,2,9,13:17,$10.24,Swipe Transaction,2027553650310142703,Mira Loma,CA,91752.0,5541,,No
388,0,0,2003,2,10,00:09,$14.68,Swipe Transaction,3527213246127876953,La Verne,CA,91750.0,5300,,No
389,0,0,2003,2,10,06:00,$136.52,Swipe Transaction,5817218446178736267,La Verne,CA,91750.0,5912,,No
390,0,0,2003,2,10,06:38,$58.73,Swipe Transaction,1913477460590765860,La Verne,CA,91750.0,5300,,No
391,0,0,2003,2,10,06:46,$52.21,Swipe Transaction,4060646732831064559,La Verne,CA,91750.0,5411,,No
392,0,0,2003,2,12,09:17,$120.69,Swipe Transaction,-245178307025547046,La Verne,CA,91750.0,5311,,No
393,0,0,2003,2,12,17:26,$15.45,Swipe Transaction,-245178307025547046,La Verne,CA,91750.0,5311,,No
394,0,0,2003,2,12,21:28,$71.68,Swipe Transaction,-4500542936415012428,La Verne,CA,91750.0,5814,,Yes
395,0,0,2003,2,13,06:13,$118.90,Swipe Transaction,1913477460590765860,La Verne,CA,91750.0,5300,,No
396,0,0,2003,2,13,13:21,$8.94,Swipe Transaction,-4500542936415012428,La Verne,CA,91750.0,5814,,Yes
397,0,0,2003,2,14,09:35,$53.93,Swipe Transaction,3952145593743244256,La Verne,CA,91750.0,7538,,Yes
398,0,0,2003,2,16,06:29,$161.63,Swipe Transaction,5817218446178736267,La Verne,CA,91750.0,5912,,No
399,0,0,2003,2,16,06:31,$33.39,Swipe Transaction,4060646732831064559,La Verne,CA,91750.0,5411,,No
400,0,0,2003,2,17,19:13,$185.66,Online Transaction,8528733969764750207, ONLINE,,,4899,,Yes
401,0,0,2003,2,17,20:13,$78.35,Swipe Transaction,-1605794445852049456,La Verne,CA,91750.0,5812,,No
402,0,0,2003,2,18,06:03,$117.76,Swipe Transaction,-34551508091458520,La Verne,CA,91750.0,5912,,No
403,0,0,2003,2,18,20:48,$46.18,Swipe Transaction,-2474135582844411583,La Verne,CA,91750.0,7349,,Yes
404,0,0,2003,2,19,20:57,$97.31,Swipe Transaction,-4500542936415012428,La Verne,CA,91750.0,5814,,Yes
405,0,0,2003,2,23,07:24,$23.59,Swipe Transaction,4060646732831064559,La Verne,CA,91750.0,5411,,No
406,0,0,2003,2,23,13:29,$11.31,Swipe Transaction,-4500542936415012428,La Verne,CA,91750.0,5814,,Yes
407,0,0,2003,2,24,13:02,$7.52,Swipe Transaction,-727612092139916043,Zurich,Switzerland,,5411,,No
408,0,0,2003,2,25,06:46,$36.97,Swipe Transaction,-4816289482172287511,Zurich,Switzerland,,5411,,No
409,0,0,2003,2,28,06:59,$26.46,Swipe Transaction,5817218446178736267,La Verne,CA,91750.0,5912,,No
410,0,0,2003,2,28,15:11,$26.67,Swipe Transaction,-245178307025547046,La Verne,CA,91750.0,5311,,No
411,0,0,2003,3,1,06:22,$110.08,Swipe Transaction,5817218446178736267,La Verne,CA,91750.0,5912,,No
412,0,0,2003,3,1,06:50,$37.63,Swipe Transaction,-5475680618560174533,Monterey Park,CA,91755.0,5942,,No
413,0,0,2003,3,1,13:42,$69.12,Swipe Transaction,4060646732831064559,La Verne,CA,91750.0,5411,,No
414,0,0,2003,3,2,06:18,$145.74,Swipe Transaction,5817218446178736267,La Verne,CA,91750.0,5912,,No
415,0,0,2003,3,2,06:32,$35.52,Swipe Transaction,5817218446178736267,La Verne,CA,91750.0,5912,,No
416,0,0,2003,3,2,06:39,$121.73,Swipe Transaction,4060646732831064559,La Verne,CA,91750.0,5411,"Insufficient Balance,",No
417,0,0,2003,3,2,06:56,$149.41,Swipe Transaction,4060646732831064559,La Verne,CA,91750.0,5411,,No
418,0,0,2003,3,3,06:25,$107.39,Swipe Transaction,1913477460590765860,La Verne,CA,91750.0,5300,,No
419,0,0,2003,3,4,06:11,$155.52,Swipe Transaction,4060646732831064559,La Verne,CA,91750.0,5411,,No
420,0,0,2003,3,4,13:44,$56.00,Swipe Transaction,-245178307025547046,La Verne,CA,91750.0,5311,,No
421,0,0,2003,3,5,06:26,$110.57,Swipe Transaction,1913477460590765860,La Verne,CA,91750.0,5300,,No
422,0,0,2003,3,5,09:40,$65.69,Swipe Transaction,3952145593743244256,La Verne,CA,91750.0,7538,,Yes
423,0,0,2003,3,7,06:03,$100.21,Swipe Transaction,3527213246127876953,La Verne,CA,91750.0,5300,,No
424,0,0,2003,3,7,13:17,$10.12,Swipe Transaction,-1605794445852049456,La Verne,CA,91750.0,5812,,No
425,0,0,2003,3,7,14:05,$-66.00,Swipe Transaction,-1288082279022882052,La Verne,CA,91750.0,5499,,Yes
426,0,0,2003,3,7,14:16,$43.60,Swipe Transaction,-1288082279022882052,La Verne,CA,91750.0,5499,,Yes
427,0,0,2003,3,7,14:26,$66.00,Swipe Transaction,-1288082279022882052,La Verne,CA,91750.0,5499,,Yes
428,0,0,2003,3,8,06:06,$137.80,Swipe Transaction,1913477460590765860,La Verne,CA,91750.0,5300,,No
429,0,0,2003,3,9,06:47,$36.31,Swipe Transaction,5817218446178736267,La Verne,CA,91750.0,5912,,No
430,0,0,2003,3,10,13:14,$11.99,Swipe Transaction,3397452747792109772,Massena,IA,50853.0,5541,,No
431,0,0,2003,3,10,20:24,$57.75,Swipe Transaction,-7091578704632084081,Fontanelle,IA,50846.0,5812,,No
432,0,0,2003,3,11,06:39,$39.18,Swipe Transaction,-5475680618560174533,Estherville,IA,51334.0,5942,,No
433,0,0,2003,3,12,06:52,$36.10,Swipe Transaction,5817218446178736267,Onawa,IA,51040.0,5912,,No
434,0,0,2003,3,12,13:32,$66.77,Swipe Transaction,-7146670748125200898,Sioux City,IA,51106.0,5970,,No
435,0,0,2003,3,13,06:31,$35.34,Swipe Transaction,5817218446178736267,Onawa,IA,51040.0,5912,,No
436,0,0,2003,3,13,13:57,$129.79,Swipe Transaction,-8135850083113399757,La Verne,CA,91750.0,8043,,No
437,0,0,2003,3,14,05:43,$39.89,Swipe Transaction,-34551508091458520,La Verne,CA,91750.0,5912,,No
438,0,0,2003,3,14,06:51,$42.60,Swipe Transaction,4060646732831064559,La Verne,CA,91750.0,5411,,No
439,0,0,2003,3,15,05:48,$50.73,Swipe Transaction,-34551508091458520,La Verne,CA,91750.0,5912,,No
440,0,0,2003,3,15,06:30,$37.14,Swipe Transaction,-727612092139916043,Monterey Park,CA,91754.0,5411,,No
441,0,0,2003,3,17,09:58,$56.68,Swipe Transaction,-3345936507911876459,La Verne,CA,91750.0,7538,,Yes
442,0,0,2003,3,18,06:15,$134.46,Swipe Transaction,-34551508091458520,La Verne,CA,91750.0,5912,,No
443,0,0,2003,3,19,05:35,$125.26,Swipe Transaction,-245178307025547046,La Verne,CA,91750.0,5311,,No
444,0,0,2003,3,20,13:09,$4.75,Swipe Transaction,2027553650310142703,Mira Loma,CA,91752.0,5541,,No
445,0,0,2003,3,21,06:01,$73.88,Swipe Transaction,3527213246127876953,La Verne,CA,91750.0,5300,,No
446,0,0,2003,3,21,14:18,$82.10,Swipe Transaction,4060646732831064559,La Verne,CA,91750.0,5411,,No
447,0,0,2003,3,22,06:56,$36.72,Swipe Transaction,-5475680618560174533,Monterey Park,CA,91755.0,5942,,No
448,0,0,2003,3,23,06:08,$36.89,Swipe Transaction,5817218446178736267,La Verne,CA,91750.0,5912,,No
449,0,0,2003,3,23,06:17,$85.26,Swipe Transaction,2027553650310142703,Mira Loma,CA,91752.0,5541,,No
450,0,0,2003,3,23,09:56,$65.01,Swipe Transaction,3952145593743244256,La Verne,CA,91750.0,7538,,Yes
451,0,0,2003,3,23,20:21,$41.11,Swipe Transaction,-4500542936415012428,La Verne,CA,91750.0,5814,,Yes
452,0,0,2003,3,24,06:50,$30.51,Swipe Transaction,5817218446178736267,La Verne,CA,91750.0,5912,,No
453,0,0,2003,3,24,20:56,$73.50,Swipe Transaction,-1605794445852049456,La Verne,CA,91750.0,5812,,No
454,0,0,2003,3,26,19:28,$12.58,Swipe Transaction,-727612092139916043,Monterey Park,CA,91754.0,5411,,No
455,0,0,2003,3,28,06:24,$76.01,Swipe Transaction,4060646732831064559,La Verne,CA,91750.0,5411,,No
456,0,0,2003,3,28,06:34,$764.60,Swipe Transaction,1325201427189385167,Rosemead,CA,91770.0,3132,,No
457,0,0,2003,3,28,20:30,$57.78,Swipe Transaction,7945328079774550558,La Verne,CA,91750.0,4900,,No
458,0,0,2003,3,30,06:15,$117.07,Swipe Transaction,-727612092139916043,Monterey Park,CA,91754.0,5411,,No
459,0,0,2003,3,30,06:32,$28.76,Swipe Transaction,-34551508091458520,La Verne,CA,91750.0,5912,,No
460,0,0,2003,3,31,06:38,$60.36,Swipe Transaction,-5475680618560174533,Monterey Park,CA,91755.0,5942,,No
461,0,0,2003,3,31,09:30,$40.15,Swipe Transaction,3952145593743244256,La Verne,CA,91750.0,7538,"Bad PIN,",No
462,0,0,2003,4,1,06:55,$40.98,Swipe Transaction,4060646732831064559,La Verne,CA,91750.0,5411,,No
463,0,0,2003,4,1,13:13,$15.56,Swipe Transaction,-4500542936415012428,La Verne,CA,91750.0,5814,,Yes
464,0,0,2003,4,1,20:22,$188.40,Swipe Transaction,-558490004391330221,Ontario,CA,91761.0,4899,,Yes
465,0,0,2003,4,2,06:15,$125.74,Swipe Transaction,-727612092139916043,Monterey Park,CA,91754.0,5411,,No
466,0,0,2003,4,2,20:21,$71.04,Swipe Transaction,-1605794445852049456,La Verne,CA,91750.0,5812,,No
467,0,0,2003,4,3,06:16,$83.23,Swipe Transaction,1913477460590765860,La Verne,CA,91750.0,5300,,No
468,0,0,2003,4,3,09:54,$52.94,Swipe Transaction,4055257078481058705,La Verne,CA,91750.0,7538,,Yes
469,0,0,2003,4,4,06:57,$24.95,Swipe Transaction,5817218446178736267,La Verne,CA,91750.0,5912,,No
470,0,0,2003,4,4,07:50,$41.97,Swipe Transaction,4060646732831064559,La Verne,CA,91750.0,5411,,No
471,0,0,2003,4,6,09:50,$158.09,Swipe Transaction,7945328079774550558,La Verne,CA,91750.0,4900,,No
472,0,0,2003,4,10,06:06,$137.27,Swipe Transaction,2027553650310142703,Mira Loma,CA,91752.0,5541,,No
473,0,0,2003,4,10,09:52,$77.98,Swipe Transaction,-3345936507911876459,La Verne,CA,91750.0,7538,,Yes
474,0,0,2003,4,10,09:56,$53.48,Swipe Transaction,-3345936507911876459,La Verne,CA,91750.0,7538,"Bad PIN,",No
475,0,0,2003,4,10,13:43,$67.86,Swipe Transaction,8080934608468946743,Monterey Park,CA,91754.0,5310,,No
476,0,0,2003,4,10,17:33,$4.73,Online Transaction,-521141999023077663, ONLINE,,,5815,,Yes
477,0,0,2003,4,11,06:05,$133.42,Swipe Transaction,1913477460590765860,La Verne,CA,91750.0,5300,,No
478,0,0,2003,4,12,06:59,$21.06,Swipe Transaction,4060646732831064559,La Verne,CA,91750.0,5411,,No
479,0,0,2003,4,12,20:22,$192.46,Online Transaction,-3289339997738008669, ONLINE,,,4899,,Yes
480,0,0,2003,4,12,21:58,$32.56,Swipe Transaction,-6733168469687845480,Mira Loma,CA,91752.0,7832,,No
481,0,0,2003,4,13,06:43,$47.04,Swipe Transaction,4060646732831064559,La Verne,CA,91750.0,5411,,No
482,0,0,2003,4,13,09:39,$51.53,Swipe Transaction,4055257078481058705,La Verne,CA,91750.0,7538,,Yes
483,0,0,2003,4,13,10:50,$15.98,Swipe Transaction,-86825621511712373,La Verne,CA,91750.0,7230,,No
484,0,0,2003,4,14,06:59,$28.89,Swipe Transaction,5817218446178736267,La Verne,CA,91750.0,5912,,No
485,0,0,2003,4,14,20:01,$64.74,Swipe Transaction,-1605794445852049456,La Verne,CA,91750.0,5812,,No
486,0,0,2003,4,15,06:40,$62.49,Swipe Transaction,-34551508091458520,La Verne,CA,91750.0,5912,,No
487,0,0,2003,4,16,06:00,$119.71,Swipe Transaction,1913477460590765860,La Verne,CA,91750.0,5300,,No
488,0,0,2003,4,16,20:05,$70.10,Swipe Transaction,-1605794445852049456,La Verne,CA,91750.0,5812,,No
489,0,0,2003,4,17,06:22,$157.30,Swipe Transaction,1913477460590765860,La Verne,CA,91750.0,5300,,No
490,0,0,2003,4,17,21:48,$28.97,Swipe Transaction,-6733168469687845480,Mira Loma,CA,91752.0,7832,,No
491,0,0,2003,4,18,06:04,$129.36,Swipe Transaction,1913477460590765860,La Verne,CA,91750.0,5300,,No
492,0,0,2003,4,18,09:56,$137.71,Swipe Transaction,7945328079774550558,La Verne,CA,91750.0,4900,,No
493,0,0,2003,4,19,06:39,$24.82,Swipe Transaction,-34551508091458520,La Verne,CA,91750.0,5912,,No
494,0,0,2003,4,19,21:32,$26.80,Swipe Transaction,-3265671264153192329,Monterey Park,CA,91754.0,7832,,No
495,0,0,2003,4,20,08:59,$57.60,Swipe Transaction,4055257078481058705,La Verne,CA,91750.0,7538,,Yes
496,0,0,2003,4,20,13:43,$8.52,Swipe Transaction,-4500542936415012428,La Verne,CA,91750.0,5814,,Yes
497,0,0,2003,4,21,06:11,$154.96,Swipe Transaction,-245178307025547046,La Verne,CA,91750.0,5311,,No
498,0,0,2003,4,21,13:14,$9.30,Swipe Transaction,2027553650310142703,Mira Loma,CA,91752.0,5541,,No
499,0,0,2003,4,22,06:42,$31.66,Swipe Transaction,5817218446178736267,La Verne,CA,91750.0,5912,,No
500,0,0,2003,4,23,06:07,$19.88,Swipe Transaction,-727612092139916043,Monterey Park,CA,91754.0,5411,,No
501,0,0,2003,4,23,06:17,$120.90,Swipe Transaction,-34551508091458520,La Verne,CA,91750.0,5912,,No
502,0,0,2003,4,26,06:24,$137.14,Swipe Transaction,3527213246127876953,La Verne,CA,91750.0,5300,,No
503,0,0,2003,4,27,06:42,$50.12,Swipe Transaction,5817218446178736267,La Verne,CA,91750.0,5912,,No
504,0,0,2003,4,28,06:31,$39.33,Swipe Transaction,4060646732831064559,La Verne,CA,91750.0,5411,,No
505,0,0,2003,4,28,16:31,$21.68,Swipe Transaction,838425044734233142,Mira Loma,CA,91752.0,4814,,Yes
506,0,0,2003,4,30,06:16,$158.65,Swipe Transaction,4060646732831064559,La Verne,CA,91750.0,5411,,No
507,0,0,2003,4,30,20:22,$70.43,Swipe Transaction,-5023497618971072366,Mira Loma,CA,91752.0,5812,,No
508,0,0,2003,5,1,06:35,$35.21,Swipe Transaction,-5475680618560174533,Monterey Park,CA,91755.0,5942,,No
509,0,0,2003,5,1,16:48,$14.97,Online Transaction,4241336128694185533, ONLINE,,,4814,,Yes
510,0,0,2003,5,1,22:06,$217.77,Swipe Transaction,3527213246127876953,La Verne,CA,91750.0,5300,,No
511,0,0,2003,5,2,06:15,$36.96,Swipe Transaction,-5475680618560174533,Monterey Park,CA,91755.0,5942,,No
512,0,0,2003,5,2,16:35,$25.00,Swipe Transaction,838425044734233142,Mira Loma,CA,91752.0,4814,,Yes
513,0,0,2003,5,3,06:18,$126.17,Swipe Transaction,-245178307025547046,La Verne,CA,91750.0,5311,,No
514,0,0,2003,5,3,06:39,$36.01,Swipe Transaction,5817218446178736267,La Verne,CA,91750.0,5912,,No
515,0,0,2003,5,3,07:08,$48.29,Swipe Transaction,-727612092139916043,Monterey Park,CA,91754.0,5411,,No
516,0,0,2003,5,3,07:32,$55.11,Swipe Transaction,-5475680618560174533,Monterey Park,CA,91755.0,5942,,No
517,0,0,2003,5,3,21:13,$52.86,Swipe Transaction,-4500542936415012428,La Verne,CA,91750.0,5814,,Yes
518,0,0,2003,5,4,06:09,$125.65,Swipe Transaction,3527213246127876953,La Verne,CA,91750.0,5300,,No
519,0,0,2003,5,4,06:56,$31.58,Swipe Transaction,-727612092139916043,Monterey Park,CA,91754.0,5411,,No
520,0,0,2003,5,6,06:00,$120.76,Swipe Transaction,1913477460590765860,La Verne,CA,91750.0,5300,,No
521,0,0,2003,5,7,06:10,$102.22,Swipe Transaction,3527213246127876953,La Verne,CA,91750.0,5300,,No
522,0,0,2003,5,9,13:57,$68.76,Swipe Transaction,-3220758452254689706,Spring Valley,CA,91978.0,5311,,No
523,0,0,2003,5,9,16:45,$28.10,Swipe Transaction,838425044734233142,Mira Loma,CA,91752.0,4814,,Yes
524,0,0,2003,5,11,13:04,$56.00,Swipe Transaction,-1288082279022882052,La Verne,CA,91750.0,5499,,Yes
525,0,0,2003,5,11,13:08,$-56.00,Swipe Transaction,-1288082279022882052,La Verne,CA,91750.0,5499,,Yes
526,0,0,2003,5,11,13:25,$57.97,Swipe Transaction,-1288082279022882052,La Verne,CA,91750.0,5499,,Yes
527,0,0,2003,5,11,22:59,$430.00,Swipe Transaction,-6406662083475903219,Eagle Pass,TX,78852.0,3390,,No
528,0,0,2003,5,11,23:01,$222.00,Swipe Transaction,1715299929786123066,Austin,TX,78758.0,3722,,No
529,0,0,2003,5,14,13:23,$10.16,Swipe Transaction,-727612092139916043,Austin,TX,78753.0,5411,,No
530,0,0,2003,5,14,20:59,$30.43,Swipe Transaction,8770419670485183201,Austin,TX,78753.0,7349,,Yes
531,0,0,2003,5,15,14:34,$-222.00,Swipe Transaction,1715299929786123066,Austin,TX,78758.0,3722,,No
532,0,0,2003,5,15,14:34,$139.63,Swipe Transaction,1715299929786123066,Austin,TX,78758.0,3722,,No
533,0,0,2003,5,15,16:02,$126.98,Swipe Transaction,-6406662083475903219,Eagle Pass,TX,78852.0,3390,,No
534,0,0,2003,5,15,16:03,$-430.00,Swipe Transaction,-6406662083475903219,Eagle Pass,TX,78852.0,3390,,No
535,0,0,2003,5,15,16:07,$116.50,Swipe Transaction,7834055923142137930,Carrizo Springs,TX,78834.0,3395,"Insufficient Balance,",No
536,0,0,2003,5,15,20:21,$144.22,Swipe Transaction,838425044734233142,Mira Loma,CA,91752.0,4814,,Yes
537,0,0,2003,5,17,06:13,$124.76,Swipe Transaction,1913477460590765860,La Verne,CA,91750.0,5300,,No
538,0,0,2003,5,17,06:48,$23.60,Swipe Transaction,-5475680618560174533,Monterey Park,CA,91755.0,5942,,No
539,0,0,2003,5,18,06:21,$160.81,Swipe Transaction,3527213246127876953,La Verne,CA,91750.0,5300,,No
540,0,0,2003,5,18,07:25,$35.38,Swipe Transaction,-34551508091458520,La Verne,CA,91750.0,5912,,No
541,0,0,2003,5,19,06:07,$70.23,Swipe Transaction,3527213246127876953,La Verne,CA,91750.0,5300,,No
542,0,0,2003,5,19,07:12,$40.28,Swipe Transaction,5817218446178736267,La Verne,CA,91750.0,5912,,No
543,0,0,2003,5,20,19:02,$14.11,Swipe Transaction,-727612092139916043,Monterey Park,CA,91754.0,5411,,No
544,0,0,2003,5,21,06:33,$41.95,Swipe Transaction,-5475680618560174533,Monterey Park,CA,91755.0,5942,,No
545,0,0,2003,5,21,12:01,$1.70,Swipe Transaction,6666504894937430109,La Verne,CA,91750.0,5499,,Yes
546,0,0,2003,5,23,06:30,$49.39,Swipe Transaction,-5475680618560174533,Monterey Park,CA,91755.0,5942,,No
547,0,0,2003,5,23,13:41,$67.53,Swipe Transaction,3527213246127876953,La Verne,CA,91750.0,5300,,No
548,0,0,2003,5,24,06:37,$35.62,Swipe Transaction,-727612092139916043,Monterey Park,CA,91754.0,5411,,No
549,0,0,2003,5,25,06:09,$126.02,Online Transaction,-7421093378627544099, ONLINE,,,5311,,No
550,0,0,2003,5,25,06:18,$25.04,Swipe Transaction,5817218446178736267,La Verne,CA,91750.0,5912,,No
551,0,0,2003,5,25,11:55,$16.74,Swipe Transaction,6135208568923449408,La Verne,CA,91750.0,9402,,No
552,0,0,2003,5,25,19:14,$17.04,Swipe Transaction,1913477460590765860,La Verne,CA,91750.0,5300,,No
553,0,0,2003,5,25,19:48,$65.22,Swipe Transaction,-1605794445852049456,La Verne,CA,91750.0,5812,,No
554,0,0,2003,5,26,06:29,$145.93,Swipe Transaction,-727612092139916043,Monterey Park,CA,91754.0,5411,,No
555,0,0,2003,5,26,10:44,$15.57,Swipe Transaction,9137769173591184401,La Verne,CA,91750.0,7210,,No
556,0,0,2003,5,27,05:51,$140.08,Swipe Transaction,-34551508091458520,La Verne,CA,91750.0,5912,,No
557,0,0,2003,5,27,16:42,$34.91,Swipe Transaction,838425044734233142,Mira Loma,CA,91752.0,4814,,Yes
558,0,0,2003,5,29,06:06,$60.98,Swipe Transaction,-727612092139916043,Monterey Park,CA,91754.0,5411,,No
559,0,0,2003,5,29,17:57,$8.40,Online Transaction,-521141999023077663, ONLINE,,,5815,,Yes
560,0,0,2003,5,30,20:23,$91.25,Swipe Transaction,-5023497618971072366,Mira Loma,CA,91752.0,5812,,No
561,0,0,2003,5,30,21:03,$74.62,Swipe Transaction,-5023497618971072366,Mira Loma,CA,91752.0,5812,,No
562,0,0,2003,6,1,06:00,$39.57,Swipe Transaction,-727612092139916043,Monterey Park,CA,91754.0,5411,,No
563,0,0,2003,6,1,06:31,$43.65,Swipe Transaction,4060646732831064559,La Verne,CA,91750.0,5411,,No
564,0,0,2003,6,1,20:05,$43.20,Swipe Transaction,7945328079774550558,La Verne,CA,91750.0,4900,,No
565,0,0,2003,6,1,20:22,$67.22,Swipe Transaction,838425044734233142,Mira Loma,CA,91752.0,4814,,Yes
566,0,0,2003,6,2,05:34,$73.99,Swipe Transaction,5817218446178736267,La Verne,CA,91750.0,5912,,No
567,0,0,2003,6,2,06:59,$44.97,Swipe Transaction,5817218446178736267,La Verne,CA,91750.0,5912,,No
568,0,0,2003,6,3,06:04,$117.66,Swipe Transaction,5817218446178736267,La Verne,CA,91750.0,5912,,No
569,0,0,2003,6,3,06:41,$32.08,Swipe Transaction,-727612092139916043,Monterey Park,CA,91754.0,5411,,No
570,0,0,2003,6,5,13:40,$73.86,Swipe Transaction,-8129520121141002186,La Verne,CA,91750.0,5211,,No
571,0,0,2003,6,6,06:23,$169.43,Swipe Transaction,5817218446178736267,La Verne,CA,91750.0,5912,,No
572,0,0,2003,6,6,06:36,$41.25,Swipe Transaction,-5475680618560174533,Monterey Park,CA,91755.0,5942,,No
573,0,0,2003,6,6,06:51,$89.13,Swipe Transaction,1913477460590765860,La Verne,CA,91750.0,5300,,No
574,0,0,2003,6,8,20:37,$86.31,Swipe Transaction,-4500542936415012428,La Verne,CA,91750.0,5814,,Yes
575,0,0,2003,6,9,21:52,$40.09,Swipe Transaction,-5413376491460213491,La Verne,CA,91750.0,5813,,No
576,0,0,2003,6,10,06:19,$118.71,Swipe Transaction,2027553650310142703,Mira Loma,CA,91752.0,5541,,No
577,0,0,2003,6,10,13:38,$4.39,Swipe Transaction,5817218446178736267,La Verne,CA,91750.0,5912,,No
578,0,0,2003,6,11,06:55,$42.72,Swipe Transaction,5817218446178736267,La Verne,CA,91750.0,5912,,No
579,0,0,2003,6,12,05:35,$67.88,Swipe Transaction,-34551508091458520,La Verne,CA,91750.0,5912,,No
580,0,0,2003,6,12,21:40,$33.21,Swipe Transaction,-3265671264153192329,Monterey Park,CA,91754.0,7832,,No
581,0,0,2003,6,13,06:13,$133.25,Swipe Transaction,2027553650310142703,Mira Loma,CA,91752.0,5541,,No
582,0,0,2003,6,13,06:35,$44.73,Swipe Transaction,-5475680618560174533,Monterey Park,CA,91755.0,5942,,No
583,0,0,2003,6,14,20:51,$28.18,Online Transaction,5805127065224074672, ONLINE,,,7349,"Insufficient Balance,",No
584,0,0,2003,6,14,20:54,$45.32,Online Transaction,5805127065224074672, ONLINE,,,7349,,Yes
585,0,0,2003,6,16,06:36,$48.11,Swipe Transaction,-5475680618560174533,Monterey Park,CA,91755.0,5942,,No
586,0,0,2003,6,18,06:06,$137.96,Swipe Transaction,-727612092139916043,Monterey Park,CA,91754.0,5411,,No
587,0,0,2003,6,18,09:33,$60.13,Swipe Transaction,4055257078481058705,La Verne,CA,91750.0,7538,,Yes
588,0,0,2003,6,19,06:43,$29.41,Swipe Transaction,-34551508091458520,La Verne,CA,91750.0,5912,,No
589,0,0,2003,6,20,05:33,$51.38,Swipe Transaction,2027553650310142703,Mira Loma,CA,91752.0,5541,,No
590,0,0,2003,6,20,06:52,$41.90,Swipe Transaction,-727612092139916043,Monterey Park,CA,91754.0,5411,,No
591,0,0,2003,6,20,07:06,$35.18,Swipe Transaction,4060646732831064559,La Verne,CA,91750.0,5411,,No
592,0,0,2003,6,21,05:38,$44.17,Swipe Transaction,-5475680618560174533,Monterey Park,CA,91755.0,5942,,No
593,0,0,2003,6,22,06:26,$150.41,Swipe Transaction,5817218446178736267,La Verne,CA,91750.0,5912,,No
594,0,0,2003,6,22,19:48,$12.43,Swipe Transaction,-727612092139916043,Monterey Park,CA,91754.0,5411,,No
595,0,0,2003,6,23,06:21,$102.71,Swipe Transaction,1913477460590765860,La Verne,CA,91750.0,5300,,No
596,0,0,2003,6,24,06:09,$100.00,Swipe Transaction,-4282466774399734331,Mira Loma,CA,91752.0,4829,,Yes
597,0,0,2003,6,24,13:20,$13.59,Swipe Transaction,2027553650310142703,Mira Loma,CA,91752.0,5541,,No
598,0,0,2003,6,27,05:13,$125.75,Swipe Transaction,1913477460590765860,La Verne,CA,91750.0,5300,,No
599,0,0,2003,6,28,06:59,$46.94,Swipe Transaction,-5475680618560174533,Monterey Park,CA,91755.0,5942,,No
600,0,0,2003,6,28,13:19,$10.55,Swipe Transaction,-1605794445852049456,La Verne,CA,91750.0,5812,,No
601,0,0,2003,6,29,06:05,$148.30,Swipe Transaction,2027553650310142703,Mira Loma,CA,91752.0,5541,,No
602,0,0,2003,6,29,06:06,$116.19,Swipe Transaction,2027553650310142703,Mira Loma,CA,91752.0,5541,"Insufficient Balance,",No
603,0,0,2003,6,29,06:32,$43.76,Swipe Transaction,-727612092139916043,Monterey Park,CA,91754.0,5411,,No
604,0,0,2003,6,30,06:54,$38.54,Swipe Transaction,4060646732831064559,La Verne,CA,91750.0,5411,,No
605,0,0,2003,7,3,06:21,$146.09,Swipe Transaction,2027553650310142703,Mira Loma,CA,91752.0,5541,,No
606,0,0,2003,7,6,06:42,$34.14,Swipe Transaction,4060646732831064559,La Verne,CA,91750.0,5411,,No
607,0,0,2003,7,6,19:39,$64.72,Swipe Transaction,838425044734233142,Mira Loma,CA,91752.0,4814,,Yes
608,0,0,2003,7,13,13:06,$11.09,Swipe Transaction,-1605794445852049456,La Verne,CA,91750.0,5812,,No
609,0,0,2003,7,14,17:32,$8.55,Online Transaction,6455213054093379528, ONLINE,,,5815,,Yes
610,0,0,2003,7,15,06:55,$50.11,Swipe Transaction,-727612092139916043,Monterey Park,CA,91754.0,5411,,No
611,0,0,2003,7,18,06:39,$35.75,Swipe Transaction,-34551508091458520,La Verne,CA,91750.0,5912,,No
612,0,0,2003,7,20,06:52,$18.95,Swipe Transaction,-727612092139916043,Monterey Park,CA,91754.0,5411,,No
613,0,0,2003,7,20,07:20,$56.23,Swipe Transaction,-34551508091458520,La Verne,CA,91750.0,5912,,No
614,0,0,2003,7,22,13:30,$6.24,Swipe Transaction,5817218446178736267,La Verne,CA,91750.0,5912,,No
615,0,0,2003,7,23,06:58,$43.03,Swipe Transaction,-727612092139916043,Monterey Park,CA,91754.0,5411,,No
616,0,0,2003,7,23,11:49,$1.49,Swipe Transaction,6666504894937430109,La Verne,CA,91750.0,5499,,Yes
617,0,0,2003,7,24,06:20,$135.49,Swipe Transaction,4060646732831064559,La Verne,CA,91750.0,5411,,No
618,0,0,2003,7,26,10:45,$73.09,Swipe Transaction,3952145593743244256,La Verne,CA,91750.0,7538,,Yes
619,0,0,2003,7,27,06:12,$158.08,Swipe Transaction,2027553650310142703,Mira Loma,CA,91752.0,5541,,No
620,0,0,2003,7,28,06:38,$35.41,Swipe Transaction,4060646732831064559,La Verne,CA,91750.0,5411,,No
621,0,0,2003,7,29,06:27,$114.02,Swipe Transaction,3527213246127876953,La Verne,CA,91750.0,5300,,No
622,0,0,2003,7,29,16:08,$58.09,Swipe Transaction,1913477460590765860,La Verne,CA,91750.0,5300,,No
623,0,0,2003,7,31,06:52,$38.66,Swipe Transaction,-34551508091458520,La Verne,CA,91750.0,5912,"Bad PIN,",No
624,0,0,2003,8,1,12:07,$1.17,Swipe Transaction,6666504894937430109,La Verne,CA,91750.0,5499,,Yes
625,0,0,2003,8,3,06:46,$40.63,Swipe Transaction,-34551508091458520,La Verne,CA,91750.0,5912,,No
626,0,0,2003,8,4,06:48,$46.55,Swipe Transaction,4060646732831064559,La Verne,CA,91750.0,5411,,No
627,0,0,2003,8,5,09:31,$62.13,Swipe Transaction,-3345936507911876459,La Verne,CA,91750.0,7538,,Yes
628,0,0,2003,8,6,06:01,$107.44,Swipe Transaction,1913477460590765860,La Verne,CA,91750.0,5300,,No
629,0,0,2003,8,7,21:32,$31.49,Swipe Transaction,-6733168469687845480,Mira Loma,CA,91752.0,7832,,No
630,0,0,2003,8,8,19:20,$13.39,Swipe Transaction,-34551508091458520,La Verne,CA,91750.0,5912,,No
631,0,0,2003,8,9,07:24,$105.82,Swipe Transaction,1913477460590765860,La Verne,CA,91750.0,5300,,No
632,0,0,2003,8,11,06:48,$38.84,Swipe Transaction,4060646732831064559,La Verne,CA,91750.0,5411,,No
633,0,0,2003,8,11,16:34,$116.20,Swipe Transaction,1913477460590765860,La Verne,CA,91750.0,5300,,No
634,0,0,2003,8,12,14:13,$37.19,Swipe Transaction,5817218446178736267,La Verne,CA,91750.0,5912,,No
635,0,0,2003,8,16,06:59,$31.23,Swipe Transaction,4060646732831064559,La Verne,CA,91750.0,5411,,No
636,0,0,2003,8,16,20:57,$43.00,Swipe Transaction,7945328079774550558,La Verne,CA,91750.0,4900,,No
637,0,0,2003,8,17,06:23,$118.91,Swipe Transaction,5817218446178736267,La Verne,CA,91750.0,5912,,No
638,0,0,2003,8,17,06:37,$49.91,Swipe Transaction,-34551508091458520,La Verne,CA,91750.0,5912,,No
639,0,0,2003,8,18,07:05,$30.89,Swipe Transaction,-727612092139916043,Monterey Park,CA,91754.0,5411,,No
640,0,0,2003,8,18,11:50,$32.23,Swipe Transaction,3527213246127876953,La Verne,CA,91750.0,5300,,No
641,0,0,2003,8,19,06:18,$135.44,Swipe Transaction,4060646732831064559,La Verne,CA,91750.0,5411,,No
642,0,0,2003,8,19,06:58,$38.97,Swipe Transaction,5817218446178736267,La Verne,CA,91750.0,5912,,No
643,0,0,2003,8,22,06:05,$112.62,Swipe Transaction,-727612092139916043,Monterey Park,CA,91754.0,5411,,No
644,0,0,2003,8,23,06:00,$127.52,Swipe Transaction,-245178307025547046,La Verne,CA,91750.0,5311,,No
645,0,0,2003,8,23,06:52,$36.62,Swipe Transaction,-5475680618560174533,Monterey Park,CA,91755.0,5942,,No
646,0,0,2003,8,24,09:43,$61.69,Swipe Transaction,3952145593743244256,La Verne,CA,91750.0,7538,,Yes
647,0,0,2003,8,26,08:08,$33.63,Online Transaction,7272219750676920057, ONLINE,,,5193,,No
648,0,0,2003,8,26,13:47,$70.19,Swipe Transaction,4060646732831064559,La Verne,CA,91750.0,5411,,No
649,0,0,2003,8,28,20:26,$85.31,Swipe Transaction,-1605794445852049456,La Verne,CA,91750.0,5812,,No
650,0,0,2003,8,29,20:00,$75.98,Swipe Transaction,-5023497618971072366,Mira Loma,CA,91752.0,5812,,No
651,0,0,2003,8,30,06:41,$37.47,Swipe Transaction,4060646732831064559,La Verne,CA,91750.0,5411,,No
652,0,0,2003,8,30,09:55,$77.02,Swipe Transaction,4055257078481058705,La Verne,CA,91750.0,7538,,Yes
653,0,0,2003,8,31,06:13,$119.43,Swipe Transaction,4060646732831064559,La Verne,CA,91750.0,5411,,No
654,0,0,2003,9,4,05:08,$128.49,Swipe Transaction,-34551508091458520,La Verne,CA,91750.0,5912,,No
655,0,0,2003,9,5,13:13,$7.93,Swipe Transaction,-1605794445852049456,La Verne,CA,91750.0,5812,,No
656,0,0,2003,9,5,20:10,$71.35,Swipe Transaction,-5023497618971072366,Mira Loma,CA,91752.0,5812,,No
657,0,0,2003,9,12,06:06,$115.63,Online Transaction,-7421093378627544099, ONLINE,,,5311,,No
658,0,0,2003,9,14,13:11,$10.16,Swipe Transaction,-4500542936415012428,La Verne,CA,91750.0,5814,,Yes
659,0,0,2003,9,15,20:16,$68.74,Swipe Transaction,-1605794445852049456,La Verne,CA,91750.0,5812,,No
660,0,0,2003,9,17,14:13,$34.23,Swipe Transaction,-245178307025547046,La Verne,CA,91750.0,5311,,No
661,0,0,2003,9,18,10:42,$20.05,Swipe Transaction,-86825621511712373,La Verne,CA,91750.0,7230,,No
662,0,0,2003,9,21,06:10,$146.24,Swipe Transaction,-245178307025547046,La Verne,CA,91750.0,5311,,No
663,0,0,2003,9,21,06:34,$108.79,Swipe Transaction,4060646732831064559,La Verne,CA,91750.0,5411,,No
664,0,0,2003,9,23,06:16,$148.43,Swipe Transaction,2027553650310142703,Mira Loma,CA,91752.0,5541,,No
665,0,0,2003,9,23,06:56,$29.57,Swipe Transaction,-727612092139916043,Monterey Park,CA,91754.0,5411,,No
666,0,0,2003,9,24,06:44,$43.94,Swipe Transaction,5817218446178736267,La Verne,CA,91750.0,5912,,No
667,0,0,2003,9,24,12:54,$56.60,Swipe Transaction,1878448597312197393,La Verne,CA,91750.0,5310,,No
668,0,0,2003,9,27,09:48,$56.93,Swipe Transaction,3952145593743244256,La Verne,CA,91750.0,7538,,Yes
669,0,0,2003,10,1,06:26,$121.12,Swipe Transaction,1913477460590765860,La Verne,CA,91750.0,5300,"Insufficient Balance,",No
670,0,0,2003,10,3,13:12,$10.45,Swipe Transaction,-4500542936415012428,La Verne,CA,91750.0,5814,,Yes
671,0,0,2003,10,3,16:54,$119.31,Swipe Transaction,-5149532407043754225,La Verne,CA,91750.0,5655,,Yes
672,0,0,2003,10,4,09:30,$45.22,Swipe Transaction,-3345936507911876459,La Verne,CA,91750.0,7538,,Yes
673,0,0,2003,10,5,06:38,$23.16,Swipe Transaction,-5475680618560174533,Monterey Park,CA,91755.0,5942,,No
674,0,0,2003,10,6,06:55,$38.38,Swipe Transaction,4060646732831064559,La Verne,CA,91750.0,5411,,No
675,0,0,2003,10,7,06:11,$143.09,Swipe Transaction,-245178307025547046,La Verne,CA,91750.0,5311,,No
676,0,0,2003,10,10,06:03,$93.74,Swipe Transaction,-34551508091458520,La Verne,CA,91750.0,5912,,No
677,0,0,2003,10,11,06:25,$162.31,Swipe Transaction,3527213246127876953,La Verne,CA,91750.0,5300,,No
678,0,0,2003,10,14,06:57,$46.77,Swipe Transaction,-34551508091458520,La Verne,CA,91750.0,5912,,No
679,0,0,2003,10,14,20:19,$58.47,Swipe Transaction,-5023497618971072366,Mira Loma,CA,91752.0,5812,,No
680,0,0,2003,10,15,06:21,$14.86,Swipe Transaction,-727612092139916043,Monterey Park,CA,91754.0,5411,,No
681,0,0,2003,10,18,11:56,$36.12,Swipe Transaction,1913477460590765860,La Verne,CA,91750.0,5300,,No
682,0,0,2003,10,20,06:47,$42.54,Swipe Transaction,4060646732831064559,La Verne,CA,91750.0,5411,,No
683,0,0,2003,10,20,07:28,$112.55,Swipe Transaction,-245178307025547046,La Verne,CA,91750.0,5311,,No
684,0,0,2003,10,21,06:00,$119.83,Swipe Transaction,-727612092139916043,Monterey Park,CA,91754.0,5411,,No
685,0,0,2003,10,22,20:51,$50.55,Swipe Transaction,9047635618790672628,San Francisco,CA,94115.0,7349,,Yes
686,0,0,2003,10,25,06:09,$118.35,Swipe Transaction,2027553650310142703,Mira Loma,CA,91752.0,5541,,No
687,0,0,2003,10,26,12:17,$6.81,Swipe Transaction,4060646732831064559,La Verne,CA,91750.0,5411,,No
688,0,0,2003,10,27,06:37,$43.00,Swipe Transaction,-34551508091458520,La Verne,CA,91750.0,5912,,No
689,0,0,2003,10,27,17:44,$5.76,Online Transaction,-2042049018365856408, ONLINE,,,5815,,Yes
690,0,0,2003,10,29,09:59,$52.16,Swipe Transaction,3952145593743244256,La Verne,CA,91750.0,7538,,Yes
691,0,0,2003,10,31,13:01,$11.63,Swipe Transaction,-4500542936415012428,La Verne,CA,91750.0,5814,,Yes
692,0,0,2003,11,2,20:07,$79.09,Swipe Transaction,-1605794445852049456,La Verne,CA,91750.0,5812,,No
693,0,0,2003,11,3,09:45,$62.74,Swipe Transaction,3952145593743244256,La Verne,CA,91750.0,7538,,Yes
694,0,0,2003,11,4,06:53,$39.77,Swipe Transaction,4060646732831064559,La Verne,CA,91750.0,5411,,No
695,0,0,2003,11,5,06:24,$140.00,Swipe Transaction,-4282466774399734331,Mira Loma,CA,91752.0,4829,,Yes
696,0,0,2003,11,7,06:45,$35.20,Swipe Transaction,-34551508091458520,La Verne,CA,91750.0,5912,,No
697,0,0,2003,11,8,05:36,$104.24,Swipe Transaction,1913477460590765860,La Verne,CA,91750.0,5300,,No
698,0,0,2003,11,11,06:50,$44.00,Swipe Transaction,-34551508091458520,La Verne,CA,91750.0,5912,,No
699,0,0,2003,11,15,06:01,$108.08,Swipe Transaction,3527213246127876953,La Verne,CA,91750.0,5300,,No
700,0,0,2003,11,16,06:43,$38.00,Swipe Transaction,5817218446178736267,La Verne,CA,91750.0,5912,,No
701,0,0,2003,11,19,09:41,$58.81,Swipe Transaction,-3345936507911876459,La Verne,CA,91750.0,7538,,Yes
702,0,0,2003,11,21,06:08,$116.28,Swipe Transaction,4060646732831064559,La Verne,CA,91750.0,5411,"Insufficient Balance,",No
703,0,0,2003,11,21,06:49,$41.07,Swipe Transaction,-5475680618560174533,Monterey Park,CA,91755.0,5942,,No
704,0,0,2003,11,21,13:22,$10.94,Swipe Transaction,-1605794445852049456,La Verne,CA,91750.0,5812,,No
705,0,0,2003,11,21,16:55,$30.13,Swipe Transaction,838425044734233142,Mira Loma,CA,91752.0,4814,,Yes
706,0,0,2003,11,22,13:50,$63.22,Swipe Transaction,8080934608468946743,Monterey Park,CA,91754.0,5310,,No
707,0,0,2003,11,22,20:26,$50.06,Swipe Transaction,-5023497618971072366,Mira Loma,CA,91752.0,5812,,No
708,0,0,2003,11,24,14:40,$3.50,Swipe Transaction,4060646732831064559,La Verne,CA,91750.0,5411,,No
709,0,0,2003,11,28,05:35,$117.06,Swipe Transaction,-34551508091458520,La Verne,CA,91750.0,5912,,No
710,0,0,2003,11,28,11:47,$1.65,Swipe Transaction,6666504894937430109,La Verne,CA,91750.0,5499,,Yes
711,0,0,2003,12,2,09:36,$42.94,Swipe Transaction,3952145593743244256,La Verne,CA,91750.0,7538,,Yes
712,0,0,2003,12,2,13:21,$110.94,Swipe Transaction,7945328079774550558,La Verne,CA,91750.0,4900,,No
713,0,0,2003,12,2,17:40,$19.61,Swipe Transaction,838425044734233142,Mira Loma,CA,91752.0,4814,,Yes
714,0,0,2003,12,5,06:41,$32.46,Swipe Transaction,-5475680618560174533,Monterey Park,CA,91755.0,5942,,No
715,0,0,2003,12,9,06:37,$39.42,Swipe Transaction,-727612092139916043,Monterey Park,CA,91754.0,5411,,No
716,0,0,2003,12,9,09:58,$121.25,Online Transaction,-9092677072201095172, ONLINE,,,4900,"Insufficient Balance,",No
717,0,0,2003,12,13,06:56,$45.15,Swipe Transaction,4060646732831064559,La Verne,CA,91750.0,5411,,No
718,0,0,2003,12,14,06:26,$161.86,Swipe Transaction,1913477460590765860,La Verne,CA,91750.0,5300,,No
719,0,0,2003,12,15,06:51,$36.31,Swipe Transaction,4060646732831064559,La Verne,CA,91750.0,5411,,No
720,0,0,2003,12,15,20:16,$76.22,Swipe Transaction,-4500542936415012428,La Verne,CA,91750.0,5814,,Yes
721,0,0,2003,12,19,06:43,$39.59,Swipe Transaction,4060646732831064559,La Verne,CA,91750.0,5411,,No
722,0,0,2003,12,19,13:09,$56.73,Swipe Transaction,-1288082279022882052,La Verne,CA,91750.0,5499,,Yes
723,0,0,2003,12,19,13:12,$76.00,Swipe Transaction,-1288082279022882052,La Verne,CA,91750.0,5499,,Yes
724,0,0,2003,12,19,13:21,$-76.00,Swipe Transaction,-1288082279022882052,La Verne,CA,91750.0,5499,,Yes
725,0,0,2003,12,22,11:42,$1.46,Swipe Transaction,6666504894937430109,La Verne,CA,91750.0,5499,,Yes
726,0,0,2003,12,23,05:29,$131.50,Swipe Transaction,-34551508091458520,La Verne,CA,91750.0,5912,,No
727,0,0,2003,12,25,08:56,$68.64,Swipe Transaction,-3345936507911876459,La Verne,CA,91750.0,7538,,Yes
728,0,0,2003,12,25,13:33,$8.66,Swipe Transaction,-5023497618971072366,Mira Loma,CA,91752.0,5812,"Technical Glitch,",No
729,0,0,2003,12,25,13:55,$17.01,Swipe Transaction,-5023497618971072366,Mira Loma,CA,91752.0,5812,,No
730,0,0,2003,12,26,09:10,$108.20,Swipe Transaction,7945328079774550558,La Verne,CA,91750.0,4900,,No
731,0,0,2003,12,27,06:32,$29.95,Swipe Transaction,4060646732831064559,La Verne,CA,91750.0,5411,,No
732,0,0,2003,12,27,13:03,$12.67,Swipe Transaction,4060646732831064559,La Verne,CA,91750.0,5411,,No
733,0,0,2003,12,28,12:54,$10.45,Swipe Transaction,-4500542936415012428,La Verne,CA,91750.0,5814,"Bad PIN,Insufficient Balance,",No
734,0,0,2004,1,1,21:10,$84.22,Swipe Transaction,-5023497618971072366,Mira Loma,CA,91752.0,5812,,No
735,0,0,2004,1,2,10:14,$58.67,Swipe Transaction,4055257078481058705,La Verne,CA,91750.0,7538,,Yes
736,0,0,2004,1,6,06:17,$122.84,Swipe Transaction,-34551508091458520,La Verne,CA,91750.0,5912,,No
737,0,0,2004,1,6,13:34,$59.71,Swipe Transaction,1878448597312197393,La Verne,CA,91750.0,5310,,No
738,0,0,2004,1,7,06:25,$120.00,Swipe Transaction,-4282466774399734331,Mira Loma,CA,91752.0,4829,"Insufficient Balance,",No
739,0,0,2004,1,9,20:01,$94.25,Swipe Transaction,838425044734233142,Mira Loma,CA,91752.0,4814,,Yes
740,0,0,2004,1,14,06:37,$45.76,Swipe Transaction,-34551508091458520,La Verne,CA,91750.0,5912,,No
741,0,0,2004,1,14,11:56,$1.53,Swipe Transaction,6666504894937430109,La Verne,CA,91750.0,5499,,Yes
742,0,0,2004,1,15,13:43,$-80.00,Swipe Transaction,2027553650310142703,Mira Loma,CA,91752.0,5541,,No
743,0,0,2004,1,15,13:44,$80.00,Swipe Transaction,2027553650310142703,Mira Loma,CA,91752.0,5541,,No
744,0,0,2004,1,15,13:55,$67.77,Swipe Transaction,2027553650310142703,Mira Loma,CA,91752.0,5541,,No
745,0,0,2004,1,18,06:46,$56.13,Swipe Transaction,4060646732831064559,La Verne,CA,91750.0,5411,,No
746,0,0,2004,1,20,13:20,$10.45,Swipe Transaction,2027553650310142703,Mira Loma,CA,91752.0,5541,,No
747,0,0,2004,1,20,20:57,$58.93,Swipe Transaction,-4500542936415012428,La Verne,CA,91750.0,5814,,Yes
748,0,0,2004,1,22,06:35,$49.51,Swipe Transaction,4060646732831064559,La Verne,CA,91750.0,5411,,No
749,0,0,2004,1,24,06:03,$131.01,Swipe Transaction,1913477460590765860,La Verne,CA,91750.0,5300,,No
750,0,0,2004,1,26,13:25,$6.79,Swipe Transaction,-5023497618971072366,Mira Loma,CA,91752.0,5812,,No
751,0,0,2004,1,27,12:26,$9.55,Swipe Transaction,-1605794445852049456,La Verne,CA,91750.0,5812,,No
752,0,0,2004,1,27,19:22,$15.59,Swipe Transaction,4060646732831064559,La Verne,CA,91750.0,5411,,No
753,0,0,2004,1,28,06:33,$35.63,Swipe Transaction,4060646732831064559,La Verne,CA,91750.0,5411,,No
754,0,0,2004,1,28,07:13,$140.02,Swipe Transaction,1913477460590765860,La Verne,CA,91750.0,5300,,No
755,0,0,2004,1,31,06:39,$47.01,Swipe Transaction,5817218446178736267,La Verne,CA,91750.0,5912,,No
756,0,0,2004,2,1,21:43,$37.16,Swipe Transaction,-5413376491460213491,La Verne,CA,91750.0,5813,,No
757,0,0,2004,2,3,06:19,$44.15,Swipe Transaction,2027553650310142703,Mira Loma,CA,91752.0,5541,,No
758,0,0,2004,2,3,13:03,$14.95,Swipe Transaction,4060646732831064559,La Verne,CA,91750.0,5411,,No
759,0,0,2004,2,4,06:32,$27.05,Swipe Transaction,-727612092139916043,Monterey Park,CA,91754.0,5411,,No
760,0,0,2004,2,4,13:55,$60.52,Swipe Transaction,-34551508091458520,La Verne,CA,91750.0,5912,,No
761,0,0,2004,2,6,20:16,$74.51,Swipe Transaction,-5023497618971072366,Mira Loma,CA,91752.0,5812,,No
762,0,0,2004,2,8,16:02,$78.21,Swipe Transaction,-5904116920141006298,Diamond Bar,CA,91765.0,5719,,Yes
763,0,0,2004,2,8,20:25,$82.52,Swipe Transaction,-1605794445852049456,La Verne,CA,91750.0,5812,,No
764,0,0,2004,2,9,07:46,$36.47,Swipe Transaction,-727612092139916043,Monterey Park,CA,91754.0,5411,,No
765,0,0,2004,2,9,20:20,$68.82,Swipe Transaction,-5023497618971072366,Mira Loma,CA,91752.0,5812,,No
766,0,0,2004,2,12,20:21,$196.58,Swipe Transaction,838425044734233142,Mira Loma,CA,91752.0,4814,,Yes
767,0,0,2004,2,14,06:15,$109.66,Swipe Transaction,4060646732831064559,La Verne,CA,91750.0,5411,,No
768,0,0,2004,2,16,16:59,$21.50,Swipe Transaction,1913477460590765860,El Paso,TX,79927.0,5300,,No
769,0,0,2004,2,18,06:14,$131.84,Swipe Transaction,2027553650310142703,Odessa,TX,79764.0,5541,,No
770,0,0,2004,2,19,06:38,$43.02,Swipe Transaction,3091750483610930896,Odessa,TX,79764.0,5912,,No
771,0,0,2004,2,20,06:58,$21.12,Swipe Transaction,-727612092139916043,Monterey Park,CA,91754.0,5411,,No
772,0,0,2004,2,22,06:04,$28.76,Swipe Transaction,4060646732831064559,La Verne,CA,91750.0,5411,,No
773,0,0,2004,2,22,06:10,$100.00,Swipe Transaction,-4282466774399734331,Mira Loma,CA,91752.0,4829,,Yes
774,0,0,2004,2,22,17:35,$7.10,Online Transaction,6455213054093379528, ONLINE,,,5815,,Yes
775,0,0,2004,2,24,06:40,$38.56,Swipe Transaction,-34551508091458520,La Verne,CA,91750.0,5912,,No
776,0,0,2004,2,25,16:36,$129.16,Swipe Transaction,1913477460590765860,La Verne,CA,91750.0,5300,,No
777,0,0,2004,3,1,20:07,$66.33,Swipe Transaction,-4500542936415012428,La Verne,CA,91750.0,5814,,Yes
778,0,0,2004,3,2,06:56,$48.36,Swipe Transaction,-5475680618560174533,Monterey Park,CA,91755.0,5942,,No
779,0,0,2004,3,2,12:34,$26.83,Swipe Transaction,-245178307025547046,La Verne,CA,91750.0,5311,,No
780,0,0,2004,3,4,06:25,$132.19,Swipe Transaction,-245178307025547046,La Verne,CA,91750.0,5311,,No
781,0,0,2004,3,4,17:32,$6.44,Online Transaction,-521141999023077663, ONLINE,,,5815,,Yes
782,0,0,2004,3,5,06:10,$120.79,Swipe Transaction,1913477460590765860,La Verne,CA,91750.0,5300,,No
783,0,0,2004,3,10,06:45,$37.77,Swipe Transaction,4060646732831064559,La Verne,CA,91750.0,5411,,No
784,0,0,2004,3,10,09:40,$57.55,Swipe Transaction,-3345936507911876459,La Verne,CA,91750.0,7538,,Yes
785,0,0,2004,3,10,13:58,$5.12,Swipe Transaction,5817218446178736267,La Verne,CA,91750.0,5912,,No
786,0,0,2004,3,10,22:04,$26.96,Swipe Transaction,-6733168469687845480,Mira Loma,CA,91752.0,7832,,No
787,0,0,2004,3,11,10:38,$1.75,Swipe Transaction,-245178307025547046,La Verne,CA,91750.0,5311,,No
788,0,0,2004,3,11,13:56,$62.68,Swipe Transaction,-3220758452254689706,Spring Valley,CA,91978.0,5311,,No
789,0,0,2004,3,14,13:35,$-67.00,Swipe Transaction,2027553650310142703,Mira Loma,CA,91752.0,5541,,No
790,0,0,2004,3,14,13:56,$67.00,Swipe Transaction,2027553650310142703,Mira Loma,CA,91752.0,5541,,No
791,0,0,2004,3,14,13:57,$47.06,Swipe Transaction,2027553650310142703,Mira Loma,CA,91752.0,5541,,No
792,0,0,2004,3,16,13:46,$58.44,Swipe Transaction,-727612092139916043,Monterey Park,CA,91754.0,5411,,No
793,0,0,2004,3,17,06:47,$39.37,Swipe Transaction,5817218446178736267,La Verne,CA,91750.0,5912,,No
794,0,0,2004,3,18,14:22,$56.40,Swipe Transaction,-1288082279022882052,Oceanside,CA,92054.0,5499,,Yes
795,0,0,2004,3,18,14:25,$82.00,Swipe Transaction,-1288082279022882052,Oceanside,CA,92054.0,5499,,Yes
796,0,0,2004,3,18,14:29,$-82.00,Swipe Transaction,-1288082279022882052,Oceanside,CA,92054.0,5499,,Yes
797,0,0,2004,3,20,09:34,$91.61,Swipe Transaction,3189517333335617109,La Verne,CA,91750.0,5311,,No
798,0,0,2004,3,21,06:33,$41.43,Swipe Transaction,-727612092139916043,Monterey Park,CA,91754.0,5411,,No
799,0,0,2004,3,23,06:16,$130.44,Swipe Transaction,3527213246127876953,La Verne,CA,91750.0,5300,,No
800,0,0,2004,3,25,14:56,$2.69,Swipe Transaction,-727612092139916043,Monterey Park,CA,91754.0,5411,,No
801,0,0,2004,3,27,06:48,$51.93,Swipe Transaction,-727612092139916043,Monterey Park,CA,91754.0,5411,,No
802,0,0,2004,3,28,06:15,$121.36,Swipe Transaction,4060646732831064559,La Verne,CA,91750.0,5411,,No
803,0,0,2004,3,28,07:13,$184.74,Swipe Transaction,-727612092139916043,Monterey Park,CA,91754.0,5411,,No
804,0,0,2004,3,29,06:54,$28.65,Swipe Transaction,-34551508091458520,La Verne,CA,91750.0,5912,,No
805,0,0,2004,3,31,16:45,$30.33,Swipe Transaction,838425044734233142,Mira Loma,CA,91752.0,4814,,Yes
806,0,0,2004,4,3,06:57,$37.49,Swipe Transaction,-34551508091458520,La Verne,CA,91750.0,5912,,No
807,0,0,2004,4,5,09:33,$54.87,Swipe Transaction,3952145593743244256,La Verne,CA,91750.0,7538,,Yes
808,0,0,2004,4,5,09:56,$135.45,Swipe Transaction,7945328079774550558,La Verne,CA,91750.0,4900,,No
809,0,0,2004,4,6,13:57,$57.06,Swipe Transaction,1878448597312197393,La Verne,CA,91750.0,5310,,No
810,0,0,2004,4,7,06:04,$68.59,Swipe Transaction,-34551508091458520,La Verne,CA,91750.0,5912,"Insufficient Balance,",No
811,0,0,2004,4,9,11:54,$1.68,Swipe Transaction,6666504894937430109,La Verne,CA,91750.0,5499,,Yes
812,0,0,2004,4,11,07:24,$36.83,Swipe Transaction,-727612092139916043,Monterey Park,CA,91754.0,5411,,No
813,0,0,2004,4,13,22:47,$224.34,Swipe Transaction,-8135850083113399757,La Verne,CA,91750.0,8043,,No
814,0,0,2004,4,14,06:39,$46.51,Swipe Transaction,4060646732831064559,La Verne,CA,91750.0,5411,,No
815,0,0,2004,4,17,06:19,$125.66,Swipe Transaction,-245178307025547046,La Verne,CA,91750.0,5311,,No
816,0,0,2004,4,17,06:41,$36.07,Swipe Transaction,4060646732831064559,La Verne,CA,91750.0,5411,,No
817,0,0,2004,4,18,06:17,$153.86,Swipe Transaction,5817218446178736267,La Verne,CA,91750.0,5912,,No
818,0,0,2004,4,18,06:33,$27.50,Swipe Transaction,-727612092139916043,Monterey Park,CA,91754.0,5411,,No
819,0,0,2004,4,19,13:34,$68.69,Swipe Transaction,8080934608468946743,Monterey Park,CA,91754.0,5310,,No
820,0,0,2004,4,21,06:42,$40.85,Swipe Transaction,4060646732831064559,La Verne,CA,91750.0,5411,,No
821,0,0,2004,4,21,13:17,$13.32,Swipe Transaction,-727612092139916043,Monterey Park,CA,91754.0,5411,,No
822,0,0,2004,4,23,13:00,$77.18,Swipe Transaction,-1288082279022882052,La Verne,CA,91750.0,5499,,Yes
823,0,0,2004,4,23,13:06,$-66.00,Swipe Transaction,-1288082279022882052,La Verne,CA,91750.0,5499,,Yes
824,0,0,2004,4,23,13:22,$66.00,Swipe Transaction,-1288082279022882052,La Verne,CA,91750.0,5499,,Yes
825,0,0,2004,4,26,06:09,$160.00,Swipe Transaction,-4282466774399734331,Chicago Heights,IL,60411.0,4829,,Yes
826,0,0,2004,4,26,09:47,$151.89,Swipe Transaction,4977674121336782232,Evanston,IL,60202.0,4900,,No
827,0,0,2004,4,30,13:14,$9.87,Swipe Transaction,4751695835751691036,Evanston,IL,60202.0,5814,,Yes
828,0,0,2004,4,30,22:36,$24.33,Swipe Transaction,5757318790945966234,Berwyn,IL,60402.0,7832,,No
829,0,0,2004,5,5,06:07,$118.41,Swipe Transaction,-5581123930363301609,Evanston,IL,60202.0,5311,,No
830,0,0,2004,5,5,13:32,$6.21,Swipe Transaction,1913477460590765860,La Verne,CA,91750.0,5300,,No
831,0,0,2004,5,6,06:12,$120.78,Swipe Transaction,-727612092139916043,Monterey Park,CA,91754.0,5411,,No
832,0,0,2004,5,6,13:47,$59.15,Swipe Transaction,8080934608468946743,Monterey Park,CA,91754.0,5310,,No
833,0,0,2004,5,10,06:34,$44.26,Swipe Transaction,5817218446178736267,La Verne,CA,91750.0,5912,,No
834,0,0,2004,5,10,19:09,$14.84,Swipe Transaction,1913477460590765860,La Verne,CA,91750.0,5300,,No
835,0,0,2004,5,12,06:37,$29.46,Swipe Transaction,-5475680618560174533,Monterey Park,CA,91755.0,5942,,No
836,0,0,2004,5,15,06:40,$38.48,Swipe Transaction,-5475680618560174533,Monterey Park,CA,91755.0,5942,,No
837,0,0,2004,5,16,05:14,$129.59,Swipe Transaction,5817218446178736267,La Verne,CA,91750.0,5912,,No
838,0,0,2004,5,17,13:54,$6.25,Swipe Transaction,4060646732831064559,La Verne,CA,91750.0,5411,,No
839,0,0,2004,5,18,14:00,$-88.00,Swipe Transaction,2027553650310142703,Mira Loma,CA,91752.0,5541,,No
840,0,0,2004,5,18,14:22,$50.08,Swipe Transaction,2027553650310142703,Mira Loma,CA,91752.0,5541,,No
841,0,0,2004,5,18,14:25,$88.00,Swipe Transaction,2027553650310142703,Mira Loma,CA,91752.0,5541,,No
842,0,0,2004,5,19,06:56,$20.64,Swipe Transaction,4060646732831064559,La Verne,CA,91750.0,5411,,No
843,0,0,2004,5,19,13:51,$69.14,Swipe Transaction,-7146670748125200898,Oceanside,CA,92054.0,5970,,No
844,0,0,2004,5,21,06:03,$152.99,Swipe Transaction,6042526206085641250,Oceanside,CA,92051.0,5912,,No
845,0,0,2004,5,21,06:53,$38.88,Swipe Transaction,6042526206085641250,Oceanside,CA,92051.0,5912,,No
846,0,0,2004,5,21,13:07,$68.00,Swipe Transaction,-1288082279022882052,Oceanside,CA,92054.0,5499,,Yes
847,0,0,2004,5,21,13:14,$-68.00,Swipe Transaction,-1288082279022882052,Oceanside,CA,92054.0,5499,,Yes
848,0,0,2004,5,21,13:27,$56.26,Swipe Transaction,-1288082279022882052,Oceanside,CA,92054.0,5499,,Yes
849,0,0,2004,5,22,06:39,$44.18,Swipe Transaction,-5475680618560174533,Monterey Park,CA,91755.0,5942,,No
850,0,0,2004,5,22,08:17,$41.30,Swipe Transaction,-727612092139916043,Monterey Park,CA,91754.0,5411,,No
851,0,0,2004,5,24,06:55,$41.26,Swipe Transaction,5817218446178736267,La Verne,CA,91750.0,5912,,No
852,0,0,2004,5,24,11:27,$2.30,Swipe Transaction,-34551508091458520,La Verne,CA,91750.0,5912,,No
853,0,0,2004,5,24,16:44,$33.58,Swipe Transaction,838425044734233142,Mira Loma,CA,91752.0,4814,,Yes
854,0,0,2004,5,25,05:40,$117.04,Swipe Transaction,2027553650310142703,Mira Loma,CA,91752.0,5541,,No
855,0,0,2004,5,25,06:27,$159.76,Swipe Transaction,3527213246127876953,La Verne,CA,91750.0,5300,,No
856,0,0,2004,5,26,09:28,$40.62,Swipe Transaction,5445101915276107289,La Verne,CA,91750.0,5193,,No
857,0,0,2004,5,26,13:42,$60.33,Swipe Transaction,1878448597312197393,La Verne,CA,91750.0,5310,,No
858,0,0,2004,5,28,19:07,$11.50,Swipe Transaction,-245178307025547046,La Verne,CA,91750.0,5311,,No
859,0,0,2004,5,30,06:18,$80.44,Swipe Transaction,-727612092139916043,Monterey Park,CA,91754.0,5411,,No
860,0,0,2004,5,31,13:21,$10.43,Swipe Transaction,2027553650310142703,Mira Loma,CA,91752.0,5541,,No
861,0,0,2004,6,2,09:50,$55.28,Swipe Transaction,3952145593743244256,La Verne,CA,91750.0,7538,,Yes
862,0,0,2004,6,2,11:57,$1.41,Swipe Transaction,6666504894937430109,La Verne,CA,91750.0,5499,,Yes
863,0,0,2004,6,3,20:08,$93.08,Swipe Transaction,-1605794445852049456,La Verne,CA,91750.0,5812,,No
864,0,0,2004,6,7,20:22,$92.58,Swipe Transaction,-1605794445852049456,La Verne,CA,91750.0,5812,,No
865,0,0,2004,6,10,20:07,$191.89,Swipe Transaction,838425044734233142,Mira Loma,CA,91752.0,4814,,Yes
866,0,0,2004,6,11,09:39,$68.82,Swipe Transaction,4055257078481058705,La Verne,CA,91750.0,7538,,Yes
867,0,0,2004,6,13,13:08,$-72.00,Swipe Transaction,-1288082279022882052,La Verne,CA,91750.0,5499,,Yes
868,0,0,2004,6,13,13:11,$72.52,Swipe Transaction,-1288082279022882052,La Verne,CA,91750.0,5499,,Yes
869,0,0,2004,6,13,13:18,$72.00,Swipe Transaction,-1288082279022882052,La Verne,CA,91750.0,5499,,Yes
870,0,0,2004,6,15,06:22,$144.61,Swipe Transaction,-727612092139916043,Monterey Park,CA,91754.0,5411,,No
871,0,0,2004,6,16,06:09,$122.73,Swipe Transaction,-34551508091458520,La Verne,CA,91750.0,5912,,No
872,0,0,2004,6,16,20:44,$44.33,Online Transaction,-4241409341442030551, ONLINE,,,7349,,Yes
873,0,0,2004,6,23,06:27,$145.98,Swipe Transaction,1913477460590765860,La Verne,CA,91750.0,5300,,No
874,0,0,2004,6,23,08:12,$43.12,Online Transaction,-4956618006720593695, ONLINE,,,5193,,No
875,0,0,2004,6,24,09:32,$57.28,Swipe Transaction,4055257078481058705,La Verne,CA,91750.0,7538,,Yes
876,0,0,2004,6,26,06:04,$20.19,Swipe Transaction,-727612092139916043,Monterey Park,CA,91754.0,5411,,No
877,0,0,2004,6,26,12:42,$21.92,Online Transaction,-7421093378627544099, ONLINE,,,5311,,No
878,0,0,2004,6,28,07:22,$27.88,Swipe Transaction,5817218446178736267,La Verne,CA,91750.0,5912,,No
879,0,0,2004,6,29,09:39,$39.23,Swipe Transaction,4055257078481058705,La Verne,CA,91750.0,7538,,Yes
880,0,0,2004,6,30,06:30,$36.44,Swipe Transaction,-5475680618560174533,Monterey Park,CA,91755.0,5942,,No
881,0,0,2004,6,30,10:42,$25.19,Swipe Transaction,-86825621511712373,La Verne,CA,91750.0,7230,,No
882,0,0,2004,6,30,20:25,$67.45,Swipe Transaction,-4500542936415012428,La Verne,CA,91750.0,5814,,Yes
883,0,0,2004,7,1,19:37,$61.00,Swipe Transaction,-5023497618971072366,Mira Loma,CA,91752.0,5812,,No
884,0,0,2004,7,2,18:22,$6.56,Online Transaction,-521141999023077663, ONLINE,,,5815,,Yes
885,0,0,2004,7,10,06:57,$36.00,Swipe Transaction,-727612092139916043,Monterey Park,CA,91754.0,5411,,No
886,0,0,2004,7,10,20:13,$86.29,Swipe Transaction,-4500542936415012428,La Verne,CA,91750.0,5814,,Yes
887,0,0,2004,7,11,06:36,$47.74,Swipe Transaction,4060646732831064559,La Verne,CA,91750.0,5411,,No
888,0,0,2004,7,13,06:59,$38.96,Swipe Transaction,-727612092139916043,Monterey Park,CA,91754.0,5411,,No
889,0,0,2004,7,13,20:06,$77.56,Swipe Transaction,-4500542936415012428,La Verne,CA,91750.0,5814,,Yes
890,0,0,2004,7,13,20:16,$102.62,Swipe Transaction,838425044734233142,Mira Loma,CA,91752.0,4814,,Yes
891,0,0,2004,7,14,20:52,$163.00,Swipe Transaction,3206274372236068246,Santa Maria,CA,93454.0,7011,,No
892,0,0,2004,7,15,13:47,$89.00,Swipe Transaction,2027553650310142703,Santa Maria,CA,93454.0,5541,,No
893,0,0,2004,7,15,13:54,$-89.00,Swipe Transaction,2027553650310142703,Santa Maria,CA,93454.0,5541,,No
894,0,0,2004,7,15,13:58,$51.04,Swipe Transaction,2027553650310142703,Santa Maria,CA,93454.0,5541,,No
895,0,0,2004,7,16,16:33,$-163.00,Swipe Transaction,3206274372236068246,Santa Maria,CA,93454.0,7011,,No
896,0,0,2004,7,16,16:38,$132.79,Swipe Transaction,3206274372236068246,Santa Maria,CA,93454.0,7011,,No
897,0,0,2004,7,17,06:39,$48.27,Swipe Transaction,4060646732831064559,La Verne,CA,91750.0,5411,,No
898,0,0,2004,7,18,05:40,$129.55,Swipe Transaction,4060646732831064559,La Verne,CA,91750.0,5411,,No
899,0,0,2004,7,18,06:02,$135.02,Swipe Transaction,4060646732831064559,La Verne,CA,91750.0,5411,,No
900,0,0,2004,7,18,13:09,$-63.00,Swipe Transaction,2027553650310142703,Mira Loma,CA,91752.0,5541,,No
901,0,0,2004,7,18,13:12,$43.76,Swipe Transaction,2027553650310142703,Mira Loma,CA,91752.0,5541,,No
902,0,0,2004,7,18,13:25,$63.00,Swipe Transaction,2027553650310142703,Mira Loma,CA,91752.0,5541,,No
903,0,0,2004,7,18,13:54,$59.94,Swipe Transaction,8080934608468946743,Monterey Park,CA,91754.0,5310,,No
904,0,0,2004,7,18,20:28,$77.49,Swipe Transaction,-5023497618971072366,Mira Loma,CA,91752.0,5812,,No
905,0,0,2004,7,21,17:09,$113.94,Online Transaction,208649686760524778, ONLINE,,,5651,,No
906,0,0,2004,7,22,06:32,$38.26,Swipe Transaction,3510944833163794547,Tallinn,Estonia,,5912,,No
907,0,0,2004,7,23,20:05,$75.38,Swipe Transaction,8793545055147237096,Tallinn,Estonia,,5812,,No
908,0,0,2004,7,25,13:08,$16.20,Swipe Transaction,2027553650310142703,Tallinn,Estonia,,5541,,No
909,0,0,2004,7,25,14:29,$11.00,Swipe Transaction,5205099864768539121,Tallinn,Estonia,,5812,,No
910,0,0,2004,7,26,07:27,$36.97,Swipe Transaction,-727612092139916043,Monterey Park,CA,91754.0,5411,,No
911,0,0,2004,7,27,09:34,$75.43,Swipe Transaction,3952145593743244256,La Verne,CA,91750.0,7538,,Yes
912,0,0,2004,7,28,06:25,$178.85,Swipe Transaction,4060646732831064559,La Verne,CA,91750.0,5411,,No
913,0,0,2004,7,29,06:09,$41.76,Swipe Transaction,5817218446178736267,La Verne,CA,91750.0,5912,,No
914,0,0,2004,7,29,10:32,$25.96,Swipe Transaction,-86825621511712373,La Verne,CA,91750.0,7230,,No
915,0,0,2004,8,1,13:09,$10.02,Swipe Transaction,2027553650310142703,Mira Loma,CA,91752.0,5541,,No
916,0,0,2004,8,2,06:24,$137.43,Swipe Transaction,-245178307025547046,La Verne,CA,91750.0,5311,,No
917,0,0,2004,8,2,06:41,$42.39,Swipe Transaction,-727612092139916043,Monterey Park,CA,91754.0,5411,,No
918,0,0,2004,8,2,13:50,$69.95,Swipe Transaction,-5904116920141006298,Diamond Bar,CA,91765.0,5719,,Yes
919,0,0,2004,8,4,05:13,$119.15,Swipe Transaction,-727612092139916043,Monterey Park,CA,91754.0,5411,,No
920,0,0,2004,8,4,06:09,$122.48,Swipe Transaction,2027553650310142703,Mira Loma,CA,91752.0,5541,,No
921,0,0,2004,8,4,06:39,$42.51,Swipe Transaction,-5475680618560174533,Monterey Park,CA,91755.0,5942,,No
922,0,0,2004,8,5,05:48,$132.39,Swipe Transaction,1913477460590765860,La Verne,CA,91750.0,5300,,No
923,0,0,2004,8,6,20:57,$77.86,Swipe Transaction,-5023497618971072366,Mira Loma,CA,91752.0,5812,,No
924,0,0,2004,8,7,05:04,$147.70,Swipe Transaction,5817218446178736267,La Verne,CA,91750.0,5912,,No
925,0,0,2004,8,8,06:15,$129.18,Swipe Transaction,-727612092139916043,Monterey Park,CA,91754.0,5411,,No
926,0,0,2004,8,9,20:00,$78.05,Swipe Transaction,-5023497618971072366,Mira Loma,CA,91752.0,5812,,No
927,0,0,2004,8,9,20:58,$74.99,Swipe Transaction,-4500542936415012428,La Verne,CA,91750.0,5814,,Yes
928,0,0,2004,8,10,05:16,$137.30,Swipe Transaction,-34551508091458520,La Verne,CA,91750.0,5912,,No
929,0,0,2004,8,11,06:40,$44.54,Swipe Transaction,-34551508091458520,La Verne,CA,91750.0,5912,,No
930,0,0,2004,8,12,06:54,$36.65,Swipe Transaction,-727612092139916043,Monterey Park,CA,91754.0,5411,,No
931,0,0,2004,8,13,06:04,$91.11,Swipe Transaction,3527213246127876953,La Verne,CA,91750.0,5300,,No
932,0,0,2004,8,14,06:57,$31.61,Swipe Transaction,4060646732831064559,La Verne,CA,91750.0,5411,,No
933,0,0,2004,8,14,12:11,$10.54,Swipe Transaction,-4500542936415012428,La Verne,CA,91750.0,5814,,Yes
934,0,0,2004,8,16,07:06,$33.47,Swipe Transaction,-5475680618560174533,Monterey Park,CA,91755.0,5942,,No
935,0,0,2004,8,16,16:31,$13.63,Swipe Transaction,4060646732831064559,La Verne,CA,91750.0,5411,,No
936,0,0,2004,8,18,05:33,$38.63,Swipe Transaction,-727612092139916043,Monterey Park,CA,91754.0,5411,,No
937,0,0,2004,8,18,11:51,$46.16,Swipe Transaction,3527213246127876953,La Verne,CA,91750.0,5300,,No
938,0,0,2004,8,20,06:34,$40.30,Swipe Transaction,-5467922351692495955,Marlton,NJ,8053.0,5912,,No
939,0,0,2004,8,20,20:03,$92.81,Swipe Transaction,-4500542936415012428,Marlton,NJ,8053.0,5814,,Yes
940,0,0,2004,8,22,13:49,$67.11,Swipe Transaction,-3220758452254689706,Sicklerville,NJ,8081.0,5311,,No
941,0,0,2004,8,22,20:18,$68.35,Swipe Transaction,-4500542936415012428,Marlton,NJ,8053.0,5814,,Yes
942,0,0,2004,8,23,13:00,$10.57,Swipe Transaction,97032797689821735,Marlton,NJ,8053.0,5411,,No
943,0,0,2004,8,27,06:15,$43.35,Swipe Transaction,-5467922351692495955,Marlton,NJ,8053.0,5912,,No
944,0,0,2004,8,27,13:17,$12.72,Swipe Transaction,792585973704216220,Marlton,NJ,8053.0,5812,,No
945,0,0,2004,8,28,06:08,$122.06,Swipe Transaction,2021711124810092453,Marlton,NJ,8053.0,5411,"Insufficient Balance,",No
946,0,0,2004,8,28,13:13,$9.90,Swipe Transaction,-4500542936415012428,Marlton,NJ,8053.0,5814,,Yes
947,0,0,2004,8,29,13:05,$-50.00,Swipe Transaction,1799189980464955940,Mount Laurel,NJ,8054.0,5499,,Yes
948,0,0,2004,8,29,13:18,$48.49,Swipe Transaction,1799189980464955940,Mount Laurel,NJ,8054.0,5499,,Yes
949,0,0,2004,8,29,13:27,$50.00,Swipe Transaction,1799189980464955940,Mount Laurel,NJ,8054.0,5499,,Yes
950,0,0,2004,8,30,06:03,$130.89,Swipe Transaction,2021711124810092453,Marlton,NJ,8053.0,5411,,No
951,0,0,2004,9,1,06:06,$92.83,Online Transaction,-7421093378627544099, ONLINE,,,5311,,No
952,0,0,2004,9,1,13:04,$10.09,Swipe Transaction,-4500542936415012428,Marlton,NJ,8053.0,5814,,Yes
953,0,0,2004,9,2,06:20,$86.81,Swipe Transaction,5817218446178736267,La Verne,CA,91750.0,5912,,No
954,0,0,2004,9,5,08:09,$40.27,Swipe Transaction,4060646732831064559,La Verne,CA,91750.0,5411,,No
955,0,0,2004,9,8,10:34,$7.70,Swipe Transaction,-86825621511712373,La Verne,CA,91750.0,7230,,No
956,0,0,2004,9,8,13:42,$65.12,Swipe Transaction,1913477460590765860,La Verne,CA,91750.0,5300,,No
957,0,0,2004,9,9,06:56,$134.88,Swipe Transaction,-245178307025547046,La Verne,CA,91750.0,5311,,No
958,0,0,2004,9,14,06:29,$151.32,Swipe Transaction,-727612092139916043,Monterey Park,CA,91754.0,5411,,No
959,0,0,2004,9,14,06:42,$51.18,Swipe Transaction,-5475680618560174533,Monterey Park,CA,91755.0,5942,,No
960,0,0,2004,9,16,09:34,$159.46,Online Transaction,-9092677072201095172, ONLINE,,,4900,,No
961,0,0,2004,9,17,06:11,$116.67,Swipe Transaction,-34551508091458520,La Verne,CA,91750.0,5912,,No
962,0,0,2004,9,18,12:51,$77.95,Swipe Transaction,-5904116920141006298,Diamond Bar,CA,91765.0,5719,,Yes
963,0,0,2004,9,19,05:44,$129.00,Swipe Transaction,-245178307025547046,La Verne,CA,91750.0,5311,,No
964,0,0,2004,9,20,06:38,$36.71,Swipe Transaction,-5475680618560174533,Monterey Park,CA,91755.0,5942,,No
965,0,0,2004,9,20,16:48,$23.32,Swipe Transaction,838425044734233142,Mira Loma,CA,91752.0,4814,,Yes
966,0,0,2004,9,21,13:21,$10.28,Swipe Transaction,-4500542936415012428,La Verne,CA,91750.0,5814,,Yes
967,0,0,2004,9,21,20:05,$167.89,Online Transaction,4241336128694185533, ONLINE,,,4814,,Yes
968,0,0,2004,9,22,06:06,$86.97,Swipe Transaction,-727612092139916043,Monterey Park,CA,91754.0,5411,,No
969,0,0,2004,9,24,06:47,$41.02,Swipe Transaction,-34551508091458520,La Verne,CA,91750.0,5912,,No
970,0,0,2004,9,24,09:42,$50.80,Swipe Transaction,3952145593743244256,La Verne,CA,91750.0,7538,,Yes
971,0,0,2004,9,25,06:56,$47.03,Swipe Transaction,4060646732831064559,La Verne,CA,91750.0,5411,,No
972,0,0,2004,9,26,05:57,$114.72,Swipe Transaction,1913477460590765860,La Verne,CA,91750.0,5300,,No
973,0,0,2004,9,27,06:23,$136.14,Swipe Transaction,3527213246127876953,La Verne,CA,91750.0,5300,,No
974,0,0,2004,9,27,13:05,$4.96,Swipe Transaction,-1605794445852049456,La Verne,CA,91750.0,5812,,No
975,0,0,2004,9,28,09:41,$71.03,Swipe Transaction,4055257078481058705,La Verne,CA,91750.0,7538,,Yes
976,0,0,2004,9,28,12:37,$9.18,Swipe Transaction,4060646732831064559,La Verne,CA,91750.0,5411,"Bad PIN,",No
977,0,0,2004,9,30,13:04,$4.37,Swipe Transaction,5817218446178736267,La Verne,CA,91750.0,5912,,No
978,0,0,2004,10,2,06:30,$51.31,Swipe Transaction,-727612092139916043,Monterey Park,CA,91754.0,5411,,No
979,0,0,2004,10,3,13:17,$12.08,Swipe Transaction,2027553650310142703,Mira Loma,CA,91752.0,5541,,No
980,0,0,2004,10,6,13:04,$57.00,Swipe Transaction,-1288082279022882052,La Verne,CA,91750.0,5499,,Yes
981,0,0,2004,10,6,13:14,$74.93,Swipe Transaction,-1288082279022882052,La Verne,CA,91750.0,5499,,Yes
982,0,0,2004,10,6,13:20,$-57.00,Swipe Transaction,-1288082279022882052,La Verne,CA,91750.0,5499,,Yes
983,0,0,2004,10,7,20:02,$73.84,Swipe Transaction,-4500542936415012428,La Verne,CA,91750.0,5814,,Yes
984,0,0,2004,10,9,06:07,$81.42,Swipe Transaction,2027553650310142703,Mira Loma,CA,91752.0,5541,,No
985,0,0,2004,10,10,06:50,$31.55,Swipe Transaction,-5475680618560174533,Monterey Park,CA,91755.0,5942,,No
986,0,0,2004,10,13,06:12,$132.74,Swipe Transaction,-727612092139916043,Monterey Park,CA,91754.0,5411,,No
987,0,0,2004,10,13,13:23,$147.76,Swipe Transaction,7945328079774550558,La Verne,CA,91750.0,4900,,No
988,0,0,2004,10,16,06:20,$134.92,Swipe Transaction,2027553650310142703,Mira Loma,CA,91752.0,5541,,No
989,0,0,2004,10,18,06:40,$42.78,Swipe Transaction,4060646732831064559,La Verne,CA,91750.0,5411,,No
990,0,0,2004,10,20,06:38,$44.87,Swipe Transaction,-34551508091458520,La Verne,CA,91750.0,5912,,No
991,0,0,2004,10,22,06:54,$26.91,Swipe Transaction,5817218446178736267,La Verne,CA,91750.0,5912,,No
992,0,0,2004,10,25,06:51,$40.47,Swipe Transaction,4060646732831064559,La Verne,CA,91750.0,5411,,No
993,0,0,2004,10,26,20:16,$64.15,Swipe Transaction,-1605794445852049456,La Verne,CA,91750.0,5812,,No
994,0,0,2004,10,27,06:03,$123.17,Swipe Transaction,-727612092139916043,Monterey Park,CA,91754.0,5411,,No
995,0,0,2004,10,27,20:16,$191.02,Online Transaction,4241336128694185533, ONLINE,,,4814,,Yes
996,0,0,2004,10,28,05:35,$95.75,Swipe Transaction,-727612092139916043,Monterey Park,CA,91754.0,5411,,No
997,0,0,2004,10,30,06:28,$97.82,Swipe Transaction,-34551508091458520,La Verne,CA,91750.0,5912,,No
998,0,0,2004,10,31,06:48,$39.24,Swipe Transaction,-5475680618560174533,Monterey Park,CA,91755.0,5942,,No
999,0,0,2004,10,31,16:39,$26.68,Swipe Transaction,838425044734233142,Mira Loma,CA,91752.0,4814,,Yes
